freq_rebal_jours,pnl
1,-0.23479238781513345
1,-2.915028994356561
1,-1.1813627537490987
1,-5.203929026209153
1,-0.5499766363485463
1,15.47081525762556
1,-0.49301417026579486
1,-0.19020568180629027
1,-0.9608689371371781
1,-6.838528276544608
1,9.01135768333161
1,-10.024111444332377
1,-0.2244102748500012
1,-1.3497614468694081
1,8.884964177585431
1,-2.9429003730092944
1,-2.1264579301304707
1,-13.939836186819193
1,16.144934170452828
1,-4.733436290636334
1,-3.711100521842468
1,17.740673754055635
1,-1.2730596032052262
1,12.328908007813197
1,18.924968129464162
1,4.51726038813235
1,22.20804211986595
1,10.766756445472708
1,15.289064932367438
1,-2.72471875103777
1,-7.245057120953319
1,-0.7660124449364076
1,-0.17891654913465516
1,-0.18317891511688345
1,0.10988444951513543
1,-1.8069470594786168
1,-4.701844908589862
1,-0.39853664031568314
1,-0.2631469383274663
1,-2.8495167962649646
1,7.842465747642322
1,9.71637676691779
1,14.175504889281314
1,-0.6609667866654263
1,-3.399178929637557
1,10.118462160313115
1,-0.036800089367773126
1,-1.3131494881208994
1,0.07390431949835374
1,-4.756918142616911
1,18.141215526522387
1,-0.2883483360973145
1,-2.1326716079512664
1,14.704627784811805
1,0.2511375018068094
1,-0.5199241915923807
1,-0.13431500529013363
1,-9.323743062343226
1,-3.0941491118237394
1,-0.2012608068589259
1,-8.98387394543073
1,7.760518393368514
1,15.183122772849401
1,-10.264405095641877
1,8.470320223541826
1,-0.10606189979635872
1,-20.101564593710407
1,-3.3318458170920735
1,17.02006244494531
1,-1.6064618926715752
1,3.7800350248763834
1,-1.8488449135500105
1,-0.4381572832536875
1,-1.6970901544943615
1,-3.7273540372874123
1,6.183269831482129
1,-4.693908207217149
1,-2.156378289453528
1,-2.161968847640651
1,-1.8043960636698841
1,12.310182163942628
1,-0.82454309928913
1,-0.5766950696371822
1,-1.7550991293506257
1,21.824782001161537
1,0.36499717965033085
1,-0.659359751956643
1,-1.770881909460087
1,-1.6359711954668512
1,-0.6135478260535621
1,19.1271780931299
1,-0.5155225622022215
1,-0.9126816215224949
1,-2.4871289811183885
1,11.200328647546733
1,-0.8030464132099837
1,22.19853456390281
1,-1.1377317632092172
1,16.3901307996515
1,0.13215573490140287
1,-5.1471726200222605
1,-7.570397281097968
1,-0.04728147540770067
1,7.0832010674963115
1,-2.7095170511484667
1,16.130373578774112
1,-2.387660963322915
1,-2.890295651732444
1,0.13676239865593232
1,17.928813513131374
1,-1.9858566441109673
1,35.236410004716504
1,-1.574516190349641
1,-0.16884617845664707
1,-0.8408687540600397
1,-2.256501150447235
1,-0.5488886195156937
1,-2.787212295923709
1,15.418170662652457
1,9.760842969213655
1,14.579666194961511
1,-0.683588478945552
1,11.448547312833043
1,-3.475986094067423
1,-2.0514029935329887
1,-1.0236547122525792
1,-1.1476275642065303
1,-1.5566104759191433
1,-1.0837457458932533
1,11.623496080115686
1,-3.424712931885324
1,-7.412299388516516
1,-3.735691420208795
1,-2.029394736651824
1,0.2552214210734576
1,-2.619811494166413
1,15.862668224937849
1,2.9251283307826412
1,-2.4225958865092565
1,-0.17859099433879067
1,-0.6336553268658776
1,-2.10182266323109
1,-2.381962308418963
1,5.2585004375886655
1,-0.3679935661279785
1,25.95570934261336
1,-2.043703631828464
1,-6.336535177626423
1,-3.7800020100766147
1,-8.882666866760545
1,21.76095618766651
1,-2.766035951975965
1,15.1852039663478
1,-1.0155422684742632
1,-0.3366653149359564
1,-1.816910281964951
1,-2.6390792612868808
1,-0.18122810797724753
1,-1.4240928294938726
1,-4.056678364380787
1,-0.2899636112117179
1,-0.9516524029339166
1,-0.49387097085622145
1,-1.2507146448934208
1,10.526592803246743
1,23.810440118035068
1,-11.934162087826536
1,-1.6552093442824969
1,-0.6178008693605506
1,-2.7606839934965848
1,7.863565927898335
1,-4.822902841967846
1,-4.714850933790302
1,-8.355668557732528
1,-0.5938647476311303
1,-2.536440167116268
1,-2.9494633156068915
1,0.07008148314208995
1,-0.5535443405966873
1,5.829314530224551
1,-0.3848507397176064
1,-8.878095428987834
1,-2.5599856457181147
1,-2.429068586627878
1,10.43900040675041
1,15.802180896081126
1,-0.11010440036918112
1,-1.3403563430148608
1,-5.876556906532514
1,-0.3016250920536976
1,-8.125717210322307
1,-8.93268916627359
1,-1.2034088274317298
1,-6.578881994799943
1,-9.242451384496903
1,-1.2098644880008464
1,-1.6328176697600725
1,-2.3983314986312507
1,15.821793385221639
1,22.274450679956843
1,10.622002537179739
1,-0.4813159782932672
1,-0.6106283485748492
1,17.1869650486
1,-0.13287169565280976
1,-3.143345376919058
1,-1.88921045724841
1,18.12202830477038
1,0.11748063745960735
1,39.49046165086929
1,-0.6157166324763779
1,-17.564881055687152
1,-3.7043746818977894
1,11.2558602705965
1,-0.7004947238915236
1,-0.29217848655146383
1,-0.43065776553996216
1,-1.729196850582781
1,-0.5881236193833814
1,-1.7136465853274814
1,-0.30818221685061076
1,12.95520230683843
1,-0.1552259363182742
1,-0.9772486844015589
1,-0.41870886660467477
1,-0.8370953733872994
1,-5.755413470282747
1,-3.2680355221043556
1,-0.6738213965504656
1,-0.7254185520716021
1,-0.04262142977219696
1,-4.6695212248405795
1,-0.2153551648174954
1,-3.842427317559576
1,-3.087693663432404
1,-3.4134213933904647
1,-0.45922954982030717
1,-1.1987086115937586
1,-2.7526083155339762
1,-0.7400048922192184
1,-1.0072976387028518
1,-1.9894484280080746
1,-1.3562914972791589
1,-0.19968403684492841
1,-0.4802076389469363
1,-11.318479037549679
1,-0.9726662938383868
1,-10.101102702117998
1,23.64043368058752
1,-0.2399662456911642
1,-3.091394324546158
1,-11.758850888175118
1,-4.798294115894819
1,-0.5974773010917289
1,-16.75305981384473
1,-5.027805566838097
1,-5.020114085164522
1,-0.06672599959263437
1,-0.210736926336196
1,-3.2850097193213657
1,17.201158007155314
1,-0.769912175932447
1,-8.32363824393633
1,-0.6478679752556928
1,-1.5738308549700974
1,-9.47339868387806
1,0.060496767339699886
1,-1.5240507684769113
1,20.586256784282583
1,20.41084060922202
1,0.17472959454710235
1,-0.5882768312287396
1,-1.4780530072598452
1,-12.428508066221795
1,18.676530050820276
1,13.319359944692422
1,-1.02217175178032
1,-0.7643360896122857
1,-15.581057727765682
1,-4.122939807177062
1,-0.19872230650878464
1,-0.261230032667612
1,-3.339308282281948
1,-0.41447792572819253
1,-2.978133393079773
1,-6.268973009679314
1,-2.4354455245723017
1,13.22017234785637
1,-0.2512436340862081
1,-14.448191922390208
1,-1.5429898744228723
1,-0.5363111921118247
1,9.065387239734306
1,6.9413506862427425
1,-9.71820199195669
1,-1.7369822377110609
1,-9.188802610407294
1,-0.14426801675116963
1,13.168920079441193
1,-0.20014849177677263
1,-0.525064524947993
1,-1.2262188892660788
1,-7.709649429458693
1,8.000194154512286
1,0.09840534506918175
1,-0.3944910601095728
1,15.561849410103406
1,-0.917230322514996
1,20.69911341336895
1,-1.2839187566869157
1,-0.13998634232920892
1,6.601467562790674
1,22.574544644813983
1,-4.7379757821732085
1,7.68527851691843
1,-1.017816397762175
1,-0.9091653712730619
1,-0.16318874947650386
1,0.010202175160500815
1,-1.17867739170606
1,-0.23160731545583246
1,15.775590727891867
1,-1.2667364537792594
1,-1.1476609519942542
1,-0.5398100070131733
1,15.410588861308554
1,13.0926526735757
1,-5.260328956731641
1,12.519663655640159
1,8.259454018958358
1,-16.6095079664978
1,-1.0822541321479378
1,-0.1977192586584522
1,0.39081977168405047
1,-3.152246744261589
1,-0.62701123810956
1,-9.428680906226376
1,-0.8251985165139502
1,8.81497001708074
1,-0.5419630141295215
1,-2.4101708402275364
1,-0.22972478045218736
1,4.606371570074693
1,-0.2456334966538094
1,-7.551570473336113
1,-1.220237555118672
1,-0.5467276570182946
1,-0.8715047893947769
1,29.274814072705084
1,-0.454540765787911
1,13.000972687725792
1,-16.54069235020198
1,-0.2416288017340804
1,16.569180341662303
1,-0.8163262741514785
1,-4.228398993508577
1,-0.440474072434597
1,-0.7431110845383699
1,7.04579194158741
1,6.651168788037438
1,13.278223147729214
1,-15.240394061488345
1,-0.007776627048954765
1,-13.71519980600064
1,-0.6014193463027055
1,-1.7132783377049918
1,-0.7694238070418464
1,-7.132462249229704
1,-1.2623635225700696
1,-2.1394980853969514
1,-1.6859298346629288
1,-9.618267645365009
1,-2.954170687593262
1,-3.494138048801233
1,-0.4572837452556371
1,0.5237356626692389
1,0.22713423844585634
1,-2.9041199298198705
1,-1.9384792997630313
1,-4.551795296082176
1,-0.7312336044828527
1,-3.243841589423539
1,-2.765191192197392
1,-0.1642100431461273
1,-0.6363342606253184
1,16.26937369564135
1,-2.01130028308188
1,7.387581707568948
1,-0.9693718862654492
1,-1.8612923616405652
1,-3.1058981211770345
1,-0.7458038836590362
1,-1.5693141509013628
1,-0.40054516671202123
1,-0.31284437280808675
1,-1.6726998738646017
1,-2.4498190277430325
1,11.27211021617893
1,-0.43646466500742065
1,-0.5255181756880916
1,-9.844974432971213
1,-2.2728796943561775
1,7.8919543107805055
1,-0.14493806730952485
1,-0.22740077813435278
1,-4.185725740957366
1,-6.6220836051055585
1,8.606625584211258
1,11.688666381950938
1,16.1128615339276
1,-1.667460821185614
1,-2.532767576742984
1,-5.623387512803731
1,0.11870204550898222
1,-9.694665133607998
1,-0.7441352615133638
1,-2.6558479152219547
1,-0.34139552749704194
1,-6.205359884108361
1,-3.404211902953179
1,6.152027634301362
1,-2.150502316104948
1,24.203636574226024
1,-2.0585097784170046
1,14.742472893864317
1,-4.503140238025239
1,15.80578519992703
1,-6.488456546122784
1,4.3522758618053174
1,-0.6843511297055898
1,-1.8071386518567323
1,-1.6780950564273667
1,-1.7579752213048465
1,-0.1590656697187569
1,23.352115906785272
1,-7.377668569928545
1,-5.945691827298347
1,15.265900049821383
1,4.837525649504379
1,-1.1065191885983126
1,-5.715850306873563
1,-1.7938386202356185
1,-0.40143041212219543
1,-0.05361712575160027
1,10.796656753122562
1,-3.4464450688331283
1,-0.38486925497907976
1,-1.0359016118770796
1,-0.33295058025511537
1,-6.001767175689622
1,11.903737968029247
1,-3.1623225579761822
1,-0.2287500303613399
1,-1.2771018694758993
1,11.23799129207545
1,-0.04140679539709424
1,-1.5507312818453727
1,-2.092776836792055
1,-9.856357549005594
1,-1.546649023438178
1,22.3139994735768
1,-2.0930490054858524
1,-0.35534786130143914
1,-0.8744080192425372
1,20.082332178763266
1,-3.5833476767577963
1,-2.20943414868907
1,-0.7083562058586779
1,-0.8950662912532152
1,11.456316820589947
1,-1.6113247033091227
1,-6.210993809968059
1,-1.7871554301591033
1,9.45605307814617
1,-1.487104255508072
1,-2.4299048122841356
1,0.4874888232667587
1,-3.3549292685559067
1,0.03260154790815761
1,-3.6481291151631154
1,-1.5833830569373646
1,-0.8465996893399534
1,-0.20087940202189714
1,0.024684492319181572
1,-0.7588320145334819
1,11.474176009278736
1,-0.4660226239750074
1,28.368505726595032
1,-3.0184080350492053
1,-0.9167739614840116
1,-3.322811344775971
1,9.198270096031209
1,-1.0953084963718709
1,-2.3934878816234004
1,-7.947252765780817
1,-2.347310543857091
1,-0.4877690627349409
1,-0.768211245260261
1,12.363256575653281
1,10.882020662624129
1,6.73769413900439
1,-3.640614019360143
1,3.442552175045492
1,-0.6473704413859309
1,-0.773527611275739
1,-0.500918067851714
1,11.653444736398399
1,-9.170507340305477
1,1.023079522882334
1,15.475528820203166
1,-0.3210025949291122
1,6.489801041372431
1,-0.5170533300721445
1,-0.6529640562855832
1,6.562305418200893
1,13.197018515515026
1,15.988042972493062
1,-8.27658943845205
1,-1.1871440843658405
1,-0.4412972468091425
1,-1.7283662068083743
1,-0.03422025016223529
1,0.12039668533161318
1,-1.0015484032616513
1,-2.949106127203507
1,13.681140071636165
1,-0.659723346809713
1,-2.5587170796195693
1,-1.0285780427551288
1,8.983646225155269
1,-1.7159435147227668
1,17.839562526936746
1,-0.800433716215224
1,-0.5303525340849262
1,-1.106411759792664
1,-5.339431834039459
1,0.15929315685178835
1,16.354671914811476
1,14.667545118164355
1,-6.908810634814742
1,10.035463805361495
1,-0.9520675806868866
1,-8.114856393838238
1,-1.2966575274807326
1,-1.261455584392678
1,-2.106771027368069
1,-0.9900270609660851
1,0.08985428133755136
1,-5.794918672976607
1,-2.934497009570464
1,-1.2762949476026222
1,-0.38827645404151667
1,-0.08626024888445727
1,-5.956837664509052
1,-0.950939246764051
1,-0.49378426159441346
1,-0.20752920161993416
1,-6.4521008942798375
1,-3.128539933129332
1,-0.15312282363503016
1,-0.524752633108875
1,13.725607975332707
1,-2.0316879523135754
1,-0.3282180915828121
1,-1.6647085306270668
1,-0.10675922242391778
1,-0.7267892948970314
1,-0.3086115135072163
1,-1.0424457233539073
1,-4.2288840173159485
1,-16.89540013245596
1,-3.074389125842714
1,8.900745403189845
1,-1.372207253712432
1,-1.1926912692322276
1,12.845248974125042
1,-1.8380753837708426
1,26.110117321743957
1,6.1529355180324785
1,-0.5797535231356932
1,-0.7133643499158069
1,5.255699291217844
1,-0.5680197484669094
1,6.028264996432824
1,-4.417005905792138
1,-1.6486479844516282
1,0.6354144828364952
1,12.302045029621084
1,-0.6681033168346175
1,-4.942899007978994
1,-0.40969960127266347
1,10.430811202551197
1,12.21754397422687
1,-12.310812594258948
1,-1.7557686350184412
1,-12.341761416965085
1,-2.6301592153628235
1,9.302041631362869
1,-2.576566383457063
1,-7.835872958579671
1,-0.13172084758005553
1,4.398480475844067
1,-2.747586722510931
1,-0.5783162301726463
1,8.487505265973674
1,-2.82792593019758
1,-1.6348657690093944
1,-2.8551231238360657
1,-1.4501763484647086
1,-3.1091963465151196
1,-3.147928653705719
1,-2.1872364429733864
1,-0.08155710760482293
1,8.075876219432956
1,3.8940061713201644
1,-0.41999168041648716
1,-12.904982174059597
1,-0.9333577303211911
1,-0.6651118574258703
1,-7.9799634219306625
1,-2.420640595010994
1,-5.503015415099348
1,-0.4273094527364947
1,-0.4695933868130737
1,-0.2651643098619729
1,-0.3262124723572981
1,-1.1542909706805347
1,-0.497129516503108
1,-0.4207354383923132
1,-1.7136479013468602
1,-0.694091299966658
1,-0.7674689234578125
1,18.071725514726296
1,-5.546213450062027
1,-0.6373924476605026
1,-3.0853560654569634
1,15.634480320723128
1,20.254386981181156
1,-1.3370137158838276
1,-1.3970468169557222
1,-0.36187624203409996
1,-0.6439660086706596
1,-9.20918971124533
1,-3.134298985317031
1,-1.769484669578091
1,9.469319048138118
1,-16.030195328038708
1,-0.8444952402581123
1,11.143830003193614
1,14.203499958921554
1,-2.4838928385875505
1,-0.8411605982415438
1,-4.610685922123338
1,-2.6641705260089736
1,-2.705759817328456
1,-1.7821571981391315
1,12.142182461842083
1,12.940314675365357
1,-1.184415237618765
1,11.969380849020467
1,18.706628534405922
1,-1.1268072141150327
1,-5.794297780817146
1,-1.1513413030202173
1,-1.5755807134388533
1,-1.059516814826651
1,-3.058216182775297
1,15.976312224709218
1,-1.4796079842331693
1,-0.4165836726836716
1,-10.626385769442933
1,5.645131986349455
1,0.716050793351144
1,7.723342774971478
1,-0.9766414013452334
1,-0.5080227236518624
1,17.301436034746317
1,-2.5894285160317736
1,-0.17752699049773923
1,-0.8107360097747431
1,-1.234716117365167
1,-1.298843807521365
1,-3.370671912394215
1,8.302949500165646
1,-0.7420142012316688
1,11.892229767198884
1,-9.057064218828913
1,2.1027034043103754
1,-0.7141437822330516
1,9.817597452576699
1,-0.5668810556263963
1,-5.78599928091937
1,-0.23391644523135824
1,-0.5543967021949499
1,8.174154196168459
1,19.343738931507076
1,-1.1962712795131267
1,6.635670751337976
1,6.199286827697868
1,13.39394115321818
1,-0.30680020991893286
1,-0.5884110288819642
1,12.671271633611354
1,-0.7575296676652954
1,-3.085906884859682
1,0.6845693784775904
1,0.10450986309687949
1,-3.276875675464609
1,10.728533980432807
1,15.92286216350631
1,-2.8528441391635084
1,11.242202319154202
1,-11.237123950957837
1,-0.8723268273866296
1,-3.3663115332989832
1,-7.742045770789986
1,-0.6069673086989837
1,-1.8246008218195584
1,-2.3468932305036674
1,-0.23034714303345538
1,-1.2727111216572524
1,-0.6829108739127321
1,-12.39333819126368
1,-1.6580200178855335
1,11.234049823873235
1,-2.1815815362961644
1,15.56132628935859
1,14.06489890097427
1,-0.541250454820613
1,17.122773104234355
1,-0.6286354041234574
1,14.691178675795697
1,-5.844731955091802
1,8.004066957723083
1,-0.18885436991186566
1,-19.20495433906916
1,-1.3845421611995476
1,-3.838809885661732
1,-2.247567008362509
1,-7.632817704075947
1,-1.537386527290579
1,-4.614481501708127
1,22.601628473409207
1,-0.387135773057409
1,-2.2536960120143874
1,-0.1899019093093841
1,-0.5942683725032509
1,-0.2686095864298039
1,-1.4255417642729924
1,12.194509982851386
1,1.4449527951504777
1,-6.831876074407518
1,-0.34180621370724396
1,-0.3538270002349577
1,16.501985320895443
1,-0.6233606361176953
1,11.835693683552051
1,-0.5858656858433591
1,-0.08002018435885816
1,-0.7715639571524093
1,9.113108706473575
1,-0.3174934482276228
1,-1.5084304287644557
1,-0.32628030607699543
1,5.161000742731758
1,-6.701784515126221
1,-1.074664350342431
1,-1.7849973313707466
1,-16.7706341822324
1,16.18395481155818
1,-2.073049431960527
1,-0.5010165879832158
1,-1.3980591650624916
1,-1.174478350378692
1,0.021144646156130875
1,-6.956884274493774
1,-2.3918830275024447
1,-0.5864603643333055
1,-1.6405808491891634
1,23.645992150998026
1,12.313235993809514
1,-9.657084373350543
1,-0.9872367551938481
1,19.893001331204232
1,14.897630606757403
1,-0.5657882908728311
1,-1.1036802044753244
1,-0.7630243722572203
1,-1.9299739638172468
1,-1.3345659315381795
1,-1.9106012518679165
1,15.660184258705371
1,10.214389884269643
1,-0.7560522729382058
1,-0.8453350875807928
1,-0.3950055522412441
1,-2.9569478956614574
1,4.138156544969817
1,15.041036619137657
1,-2.9534709585129093
1,-0.13525749380708874
1,-0.2802956324859025
1,-0.13053733920787636
1,7.005876608542202
1,16.39443991689538
1,-0.7456904246765106
1,0.13635836676282054
1,-0.12931722933430478
1,-12.308440609209114
1,-3.905718720971379
1,-0.8909793447918304
1,-1.8951133042542097
1,-1.478688447403158
1,17.14638298091093
1,-0.6195961405123995
1,-0.8611073084433372
1,-0.44709097350140325
1,-0.3611011892634082
1,17.565133512259976
1,-0.3451910860278531
1,-1.158961246447376
1,-2.0546514361151083
1,-11.837616104516698
1,-1.3525583676846793
1,-0.9085703348653453
1,11.661161116259507
1,-0.3014404426375421
1,-0.02764710997916353
1,-0.4744703979093714
1,-3.502661124576406
1,6.909763669429111
1,-0.2849064885551371
1,-1.8872786343757184
1,-0.4057093447823519
1,-0.36784544888509174
1,0.01808720827199295
1,-0.5914339253766201
1,-0.22071286322891126
1,-2.322189322607457
1,-0.7856451291733322
1,-2.5176920626836647
1,13.071796233477087
1,-3.935851571818006
1,1.2470724510242235
1,-3.577182814055462
1,-0.8868880829712111
1,-1.867884750424139
1,-2.3069308410472047
1,11.62575221115597
1,6.080498574767432
1,-0.3415106436170561
1,-0.21631211515601478
1,-0.9595461392504205
1,14.581211339923257
1,7.373576519855689
1,-1.4523965166617643
1,-3.1266155396449022
1,-7.867705080062279
1,-2.264441726745389
1,-0.48763859640175156
1,2.022633827689994
1,38.927449561297415
1,-6.599469689683076
1,-3.739974064177815
1,0.5390250955179283
1,-5.151501725141671
1,-0.42878240655400646
1,-0.13403495245607644
1,6.740601062233502
1,-0.3179007425749205
1,-3.454701411870829
1,-7.138792632288826
1,-0.23100172486954307
1,-3.5208332831819433
1,0.2548000572371478
1,-6.61279943982845
1,-0.6627954532279432
1,-0.7361540343099335
1,31.545700389514195
1,0.17491224080032453
1,-0.3672618879690077
1,-2.584267673435207
1,-3.8378378924720806
1,-1.6421045222457877
1,11.693240075577506
1,0.9562317934232283
1,-0.7886686225796353
1,-0.40495403516959527
1,-13.279685572395152
1,-0.7327684014528728
1,-4.961083675427403
1,-2.5811143168845945
1,26.436394066353827
1,-1.3259103581515745
1,-0.6817464944965224
1,0.18943404002617115
1,-1.3230588241086139
1,-0.5140459874380952
1,-7.041638000155487
1,-0.22556945802432438
1,-0.7024322829639971
1,-0.726685478210328
1,-1.3686897914711835
1,18.637757655306686
1,-3.0260803170933173
1,-2.2379995298235684
1,7.235425910433548
1,-4.945201492077572
1,11.796652472212678
1,-2.405588352677867
1,-0.14817739411553532
1,7.6933795654041575
1,-0.6437098118742455
1,21.174053249811706
1,-5.468765049756584
1,-1.274201533714276
1,-2.266102898959062
1,12.438128771182704
1,-0.3462099136952048
1,10.173544937708556
1,-5.583491056145689
1,-0.5265144425531076
1,-0.35551020877349515
1,-0.34180835864857784
1,-0.517291483315006
1,-3.4391614049985577
1,8.718556777063426
1,-4.051920806646862
1,-1.9691510380128392
1,-0.6673958818320074
1,-0.08141859391227513
1,-6.396415754429029
1,14.832130680716588
1,-0.06482927607811462
1,-0.7831909410549969
1,20.57953232013554
1,-0.8098488147726783
1,13.075585739362317
1,-6.585393715212817
1,-2.24296581242767
1,17.65559569165856
1,-1.2964012963545457
1,-0.20548691233048544
1,-1.3950156111773282
1,-1.0826605262725906
1,9.453646578060173
1,11.791779067823185
1,0.004348401631418142
1,-0.41807509127494313
1,-1.5466088165332508
1,-1.5150920090604956
1,15.203698986561733
1,-0.22103720447584863
1,-1.204992741033621
1,-1.861531471116379
1,-0.8099747845102314
1,-2.749787171403696
1,-0.9252427455232635
1,-4.757029351368203
1,-5.798938524938194
1,-3.4484969791528357
1,-2.8103627362746977
1,-0.48736369001689184
1,-2.394991605562211
1,13.037027463392917
1,-1.8542848602295408
1,-5.568883358546884
1,-0.8983177687422597
1,0.16536474089551234
1,-2.0378981777560767
1,-0.19112812526051925
1,-3.9554537652501836
1,-0.4071986475321978
1,-0.6604340187881803
1,-0.7213152145401551
1,0.8632549512944081
1,-5.563029699725362
1,-3.922138305984049
1,-1.1900840545188203
1,-3.504091888231912
1,-0.08426094204793344
1,-0.9063729237391698
1,-6.292754735213052
1,12.144006470106106
1,17.268437343369385
1,-1.4522346080506594
1,-3.937433173808415
1,-0.39700975798861293
1,22.110802299047222
1,24.26064161224457
1,-19.313248544298133
1,-0.5237088903762128
1,14.045677273939845
1,5.581137778760137
1,7.164649356989784
1,19.249859446395547
1,-0.5615224534727474
1,-3.240680289760988
1,-2.403791286917212
1,-1.5476351400536572
1,8.532261431383887
1,-2.0831965433699366
1,20.48315709381501
1,-0.9704053114731721
1,-7.497468952255815
1,-0.8509204602561908
1,-4.640564977438018
1,-4.056260421169995
1,6.747358299486166
1,-0.5995006578331044
1,-0.23144603529098617
1,-2.0465973972011966
1,9.947510816180412
1,13.990380588167696
1,-0.3899770197179606
1,-1.6066093025895896
1,-4.90132457557786
1,-0.3315837406820208
1,-0.7505036648881571
1,-1.9835232679367039
1,-0.19622326234879495
1,-0.42300698638678114
1,-1.0342731267487295
1,-0.3908011681735388
1,-0.48208492891478727
1,-0.1590401951461189
1,-0.44485922192154703
1,-0.3063124162651292
1,0.12816643321782806
1,-2.6733753283549646
1,-0.3417986391698946
1,18.410662564767094
1,-10.620460358363815
1,-4.882438175596448
1,14.179902008696502
1,-8.613478477133128
1,-1.0391170168835941
1,5.969256227337041
1,-4.63651670381708
1,-1.5221793835036834
1,-0.17669039212023563
1,-1.9539011430735798
1,-1.1501999806182255
1,13.06588064533706
1,-0.546190002442188
1,-0.0647066125609399
1,-3.852406276791598
1,-2.009049992155113
1,-11.786052519554936
1,-0.018911464334976813
1,-0.5012423097479086
1,15.546813285027682
1,-1.2792669309179558
1,-0.6064924261872733
1,-7.130335859067884
1,-11.974014587614647
1,-2.0338458073494223
1,0.12755273026427005
1,-0.8351731290341746
1,-4.534405191381239
1,-0.5087471606133533
1,-0.34195084529577
1,-0.6029247359228691
1,-0.4157175268557438
1,-0.3183185413866596
1,-4.127767641995575
1,-0.9692171288466795
1,-3.3827697229829425
1,-1.774218779721167
1,12.044656911500368
1,-1.005259595226832
1,-3.806644445465409
1,-4.529155445331298
1,-2.772553010411812
1,-0.6204032530123555
1,-0.40237792552039764
1,-1.0709370179914117
1,-8.698237100796675
1,13.04088565397636
1,-5.743769992093533
1,-0.41735599673013724
1,-5.211777656314453
1,-6.413968619465692
1,-5.017044496759638
1,-0.4046651342232366
1,0.5102059780637944
1,9.25766238253155
1,-2.8751831079489136
1,24.6049636919207
1,7.98834901291319
1,-1.2703029173427183
1,22.107413602731228
1,16.537259462191628
1,-3.4107449362399507
1,-0.3475271301807652
1,13.77625096382151
1,-0.4411542798803083
1,-4.6897533430068705
1,-1.5492205795460166
1,-3.326379109740614
1,-0.7642501974610667
1,-0.27721981821520103
1,-11.34310696254974
1,0.18408981258156132
1,-7.446147807684056
1,-0.33725869482917403
1,-1.5113025284147028
1,-1.7126235264381933
1,15.660764519271723
1,-0.5161227006580589
1,-1.8827961891448837
1,-1.0175059378344429
1,20.36235478780899
1,10.578646645840564
1,-2.8963548081164134
1,-2.033054690145917
1,-14.140607130372445
1,17.664986675157195
1,-0.8027545657079145
1,-0.24097863126844743
1,-0.4247504366676509
1,13.405126807788804
1,-0.8719234874192097
1,-3.639068896469368
1,20.153079691429085
1,-2.204869467248102
1,15.73609410530706
1,19.064311794331957
1,21.228103430304543
1,-1.6640468872141412
1,-1.8324926589531145
1,0.36127138978066853
1,-1.9571923892308973
1,-6.118899534533583
1,-4.711049734734459
1,-2.249180414949109
1,-1.6708736782528177
1,-2.450685721080788
1,-0.6967540596634478
1,-16.039473919941244
1,-8.818881902585844
1,-3.6040786783433134
1,8.224356146429287
1,-0.752697630819597
1,15.077648907093277
1,-1.9399562182717887
1,-10.098948861455028
1,-0.5655355166206846
1,-1.412623908322928
1,0.022627702338155586
1,-2.265536682346408
1,-0.7673394518716066
1,-0.4095126520987691
1,-8.993056547984807
1,-9.353171253009975
1,13.49599276553009
1,-0.06988435186022457
1,23.277898645987385
1,-2.6736592462358004
1,-1.7317525883003668
1,8.081131772813691
1,-2.4255423042206843
1,-12.18322831810444
1,-1.8036554520728458
1,-0.6847692385394168
1,-0.10733302384304011
1,-1.6847771992489697
1,-3.843868141077749
1,9.315121421344983
1,-3.235469548093832
1,-0.31933371217340323
1,-0.29667970295014356
1,-0.997631992879036
1,-1.65255823408053
1,10.388458295644675
1,-2.8846910797246323
1,-0.3266166323229811
1,-3.9657897753831577
1,14.944783950319845
1,-0.7661758455773509
1,7.59976105218896
1,-0.2511595875699868
1,23.427966422579814
1,17.957553420246242
1,-0.29704593694582115
1,-0.2606447445306088
1,-9.616171475559568
1,-1.33930467601742
1,-0.46208751024715866
1,-8.654954265525149
1,-0.1660744826273941
1,-0.36294766069141815
1,-2.111667103952172
1,-0.5634711389660936
1,-1.1466361571312405
1,-7.51119315679712
1,-10.699518623313693
1,-3.9936160210275062
1,-0.6869821055186094
1,-2.200335902970309
1,-1.666684009126584
1,17.924560558534623
1,-0.7339491771451776
1,-1.401506411654708
1,-3.403944787242395
1,-1.8223259750395613
1,-4.280107840255084
1,-0.4543894047167356
1,9.377208884749265
1,-1.3395234628368229
1,8.403083011197118
1,-0.2531675536915543
1,-0.633019760387171
1,-0.7102421098779672
1,-7.307486375298993
1,15.638973388327571
1,14.617913337214816
1,8.509336408090036
1,15.374153710474872
1,-3.4685156512468893
1,10.035674795017385
1,-0.528322884302554
1,-11.829482983918794
1,-2.5661108160230555
1,-5.246067225351155
1,-10.424335546198435
1,-2.1077869597027643
1,-1.2118539066552785
1,-6.552555566706644
1,10.716351757456593
1,21.23268745754679
1,-1.04653943234797
1,17.588612899490784
1,-1.0224994825564124
1,-2.318974383468486
1,-1.417102456982036
1,7.197051511665194
1,15.288917165870103
1,-2.389404267024389
1,13.658174043280127
1,-14.174859120420834
1,-0.6459184246253074
1,-9.009967528736667
1,0.3564587179558032
1,7.397337137581388
1,-0.43554701171179033
1,7.996100990172451
1,-0.16985537947530815
1,-3.8191669532864694
1,-4.3176454889877505
1,-9.880455898783254
1,-0.037790732541878924
1,-0.5256953123710844
1,-3.480295630092968
1,-1.487702652429732
1,-0.1257334390949154
1,-1.07539471392667
1,-7.172446465061341
1,-13.768088689098036
1,-1.2479021506544257
1,-0.14432048499968175
1,-2.573172437469424
1,-1.2490145878259682
1,-8.491795346546354
1,-1.5446248548825139
1,-0.4700348092201807
1,3.221422767654282
1,14.914380876597406
1,-3.055248617005887
1,0.23321722138538803
1,12.160629489353376
1,-3.380241848738379
1,-3.4487977359415822
1,-1.2608252447237618
1,-0.9102763398302613
1,-0.2774755341494597
1,-3.3847611064065717
1,-6.11580131522868
1,-0.6535477337280611
1,-0.8888195032810842
1,-4.5203627816700305
1,-6.777544509125931
1,-1.5139087294542009
1,-15.358814679689644
1,-0.8116357780756118
1,0.6157831833137237
1,-1.009571406989636
1,0.5178212312679875
1,1.3769716275581345
1,-2.228880046609845
1,-2.4742146440422204
1,10.822235632361462
1,-0.14509578153814573
1,-0.7919405117510223
1,-0.7297766266108994
1,16.75181394092735
1,-1.6671581837238563
1,-4.057332308203655
1,-1.9180829797324463
1,17.862982790031054
1,-7.174428629657498
1,18.2753537732265
1,-2.4394651776239016
1,-0.907201908364641
1,-2.737480229530263
1,-2.6721087223636175
1,1.0735876818632875
1,25.707185592808614
1,-1.7665963702527279
1,-14.01911928642032
1,-9.054731218460873
1,-0.03791235296418449
1,-0.5425920975469438
1,-1.003429713818079
1,-1.2316404609093752
1,-7.134120683417322
1,15.148642122082386
1,-6.74080995393841
1,5.482421049128973
1,-9.177508992536573
1,-5.652221797601982
1,-0.6258498676485686
1,-4.941503639498578
1,10.108164502242431
1,-2.7512566689222098
1,-0.4778024297010006
1,0.2625135244207968
1,-0.11825562787912247
1,-0.02476275582642984
1,-0.04683599767496105
1,-0.7855258973835362
1,-3.792097811885867
1,5.0744707408208996
1,-2.9826316046011954
1,-1.3050491841009801
1,13.11199234984879
1,-0.798404017862282
1,18.280540795098588
1,-0.5669822733511296
1,-3.315433666465168
1,-2.178174135447321
1,-9.722791152442966
1,-0.6107205330010146
1,1.6807925195390752
1,-0.6345696621847594
1,-2.2263892370168037
1,-6.826507567152461
1,-3.942313026588508
1,-0.6418781865229164
1,14.976763933910064
1,-1.2388362554693089
1,-0.22311660607765305
1,-9.876332484207225
1,-3.0516090264633675
1,10.559602199263608
1,-0.8279333135982796
1,8.831577722826452
1,10.228847494671399
1,-1.2754931571355854
1,-0.5908948504003746
1,-0.41807796748068426
1,-0.31485825425288283
1,-2.230344153297395
1,-0.3945467120660595
1,-2.5091462374637814
1,-1.3147999775725907
1,-4.439930321837423
1,-0.38072663472615886
1,-4.06633702796988
1,17.918528177848515
1,-12.182807931280578
1,-0.7178620564023106
1,-1.0515332705147387
1,-0.9638264397854215
1,-8.081600598179506
1,-7.582902780173711
1,-2.787450215972072
1,-2.4104863479062857
1,-1.3848378301252495
1,-0.9313190482097866
1,-4.121101069711273
1,0.5834065043116254
1,-1.6435469740425788
1,-6.42889878558492
1,-5.894980102858668
1,-2.4452908297282647
1,-1.9977793873899543
1,-0.24538317287402833
1,-9.84087052800146
1,-2.860708791567518
1,-1.4058649685538143
1,12.336271461430954
1,14.703038173629594
1,-4.0552153335961805
1,-9.762422149044795
1,21.433197449870164
1,-3.4840152906800768
1,0.010055704141663568
1,-4.24689033646564
1,27.99012009388869
1,-0.8884082687768426
1,-3.146766875887522
1,-0.20074039526022602
1,5.083828062190477
1,16.84792349879696
1,-0.22693771079489977
1,-0.45436471637040654
1,-0.2668831167609227
1,-0.49641416001617245
1,-0.6457473574876929
1,11.238671440279575
1,-3.0294374713474355
1,-0.04376578883888271
1,8.797474276387
1,-1.0464939479741702
1,15.405876207187376
1,-2.6406289959484184
1,13.42449542144324
1,-0.3063618011773741
1,-3.526047265929435
1,-0.11311988807401008
1,-3.6918788316584283
1,-0.5914539830116325
1,14.850679607356
1,-0.038650642806274504
1,-0.7733031340091685
1,-1.3114845359149996
1,-0.5671593918923321
1,-0.4330695967536258
1,9.025623466150918
1,-0.9515257634035947
1,20.882823474302853
1,-1.888759335190116
1,7.9069525524928395
1,-0.33273069116008
1,-0.2717663126971388
1,-0.5475118127628349
1,-0.3098402831568734
1,0.4802435485635641
1,-3.291811563054708
1,-0.4833003494974122
1,-3.1555274689725934
1,-4.186222648686609
1,-0.622502637775284
1,-0.31916582966927365
1,-2.8669106053779956
1,5.495628041803002
1,-3.8659698382682848
1,3.503996426161919
1,-0.9142268740944957
1,0.14418098133364765
1,-0.5745205353778857
1,4.489018540548599
1,-2.8638286487020395
1,-1.6637242373772665
1,15.295317918818697
1,-5.070996942764921
1,-2.1123872216314794
1,-0.4625620501686143
1,-0.43236813531471796
1,-0.8079116418895751
1,-6.572748215546426
1,6.867550505166932
1,-2.836995969138698
1,-0.25766157235275955
1,-0.6311238793327334
1,-7.6882935395770176
1,12.278246856671615
1,13.223722040384729
1,-0.264342178468425
1,-5.0593216997538235
1,-0.3310161125752984
1,-2.3700393940068523
1,-0.6271426832163627
1,-2.8959827243484426
1,-6.026289328813888
1,-6.243115689953896
1,-1.637426515218209
1,-5.109061495604024
1,-3.2270923004064684
1,-2.8994268331155553
1,9.853253222714827
1,4.367290131168339
1,-7.917744253852675
1,14.970159401656716
1,-0.9907997773043178
1,14.608560625033292
1,-2.3059916205274504
1,-2.4600849157625646
1,-8.272855206090156
1,-2.6166231205969126
1,-0.05658834842367355
1,-2.0309762243351344
1,-1.391966029410085
1,-3.0905635126464546
1,-6.188296332019334
1,6.277833550047106
1,7.2833628464082025
1,-0.4979484560951022
1,-0.4835768752166558
1,-0.31156260859299323
1,-0.854569992786665
1,-0.25627970377584575
1,-6.778640602901959
1,-5.30566599528845
1,11.875659630804115
1,-0.14414027100794158
1,-1.1499977385675635
1,0.15507115609997868
1,-0.26614880664389773
1,-7.740665933115864
1,-0.5798475741777196
1,-4.852337318749903
1,16.797090705287204
1,-0.78982463608682
1,-0.006257197923872582
1,-0.3471891211326721
1,0.4614294245911026
1,-8.54930219428256
1,4.316843240246705
1,-8.185970553276704
1,24.26509114663179
1,8.124559182148701
1,-4.26954076470156
1,-0.06970321481905728
1,-1.505162517481324
1,9.616654874313511
1,15.861435447167146
1,-2.741382744594219
1,-0.6471897064964764
1,17.971082421034183
1,-0.987976553759708
1,-1.7758871786520132
1,-0.92820545529041
1,-1.9049032262475123
1,0.24494996392559187
1,11.816898309905099
1,-0.14061581328350314
1,-0.027387083664905276
1,-1.3862260786698926
1,-0.8894149663373554
1,-4.828842855615292
1,-2.5578827516367113
1,14.727412812418791
1,12.148523643356704
1,-2.356983386331777
1,-1.9359139120169289
1,13.886324530207617
1,-1.2756486687476638
1,-2.306462443602186
1,-2.1878213342821056
1,11.543528372783967
1,9.383201117716098
1,-0.3267983400106971
1,3.2726783643066355
1,8.614947296459704
1,-5.139431737970526
1,-0.38030449880315587
1,-1.3623621135458137
1,9.815310181209043
1,-9.400314501566264
1,-0.20542087806177278
1,-3.1297834842370094
1,-5.9324894085422955
1,-2.386357837209218
1,22.55035290509612
1,16.35715116054655
1,-4.697388369962951
1,12.969941436993409
1,-2.711217583577664
1,-0.08285904639987507
1,-3.5544417552940786
1,-0.44994660338292647
1,31.149286819829854
1,-7.461511322765375
1,-0.12066162943655456
1,17.437334033003125
1,-0.3250328676457599
1,-0.5109156574340687
1,-12.019148513510274
1,-8.068738176133536
1,-1.0327414568776305
1,-5.601512951378837
1,0.14938174503248547
1,0.49338008644670595
1,-10.205412596916815
1,-3.501771375739807
1,-2.207086370579617
1,-7.52659540407376
1,-1.3360452633781108
1,-6.63689901750854
1,-0.5165868436343146
1,-0.6458071473079343
1,-1.1513747282385225
1,-12.72006251581486
1,-0.27773592755627874
1,-0.34749008120014935
1,-2.639064504876984
1,-1.7843062988958707
1,0.04478109077371073
1,-5.237066190279663
1,-0.7540300111833176
1,-2.5759994253212994
1,13.701557284856136
1,0.48313390687101787
1,-1.231956641707285
1,-3.3641559023973286
1,-3.301782521412804
1,9.39460997191194
1,-0.4711206329553761
1,-2.147093679886467
1,-2.9490643124552207
1,10.101780102238465
1,-1.240969875959749
1,-0.5824520481046562
1,13.321594982283692
1,-0.7916311722617593
1,-1.6700239891407591
1,-2.2344004338853836
1,-2.231253307917754
1,-3.3996264113336423
1,-0.36309644569024613
1,9.48780438600938
1,-4.481016545305835
1,-5.552252503311692
1,-3.8607712910307583
1,14.915744414576892
1,11.046190970088958
1,-4.996679548886959
1,21.287870992215588
1,16.081025597192607
1,-3.1949460166203636
1,-0.20209187861996725
1,-0.797168728695496
1,6.2554046333681725
1,-3.6622378306281718
1,-0.5933041370486336
1,-0.7434797864918892
1,-1.8824119440425022
1,6.215948882032002
1,-3.137935728289591
1,16.96072179608285
1,-0.49898997037514903
1,-2.091512437375286
1,16.313017641583258
1,-0.4551962629108601
1,-0.8205661697209479
1,5.120860820845749
1,-0.2405215187793175
1,0.10050415424576897
1,-0.33265246455174236
1,13.735939920457213
1,-1.8372746737035186
1,-3.5538455422219783
1,-1.1354486318005996
1,-3.68447323850323
1,0.15944578853803648
1,-0.5634712070283285
1,20.808076490154477
1,0.5530480150684554
1,-1.0068612202047689
1,-2.2346906984215735
1,-0.053679191858748254
1,16.113653352212623
1,11.140418664254753
1,-9.06837953505547
1,-0.9243851637313725
1,-1.5339801361120209
1,-5.24496512244491
1,3.355761609474321
1,-1.0444026400608664
1,-0.31028777397139606
1,12.201035360188548
1,-0.10736337351787029
1,-3.9439027677539684
1,-4.282283797906331
1,-0.44438788148204367
1,24.43992162441043
1,18.32748442663693
1,8.814067515349066
1,-7.520225966440904
1,-3.002402014486009
1,-1.06136905597333
1,-0.8224512193026641
1,-5.023431800535732
1,-0.19371309742957976
1,-1.0295717407333314
1,-0.45916440395524205
1,-3.6188325984634275
1,-1.2147356534330669
1,11.910637658120095
1,-0.8649210784875407
1,-8.134301210800814
1,-6.202606665158967
1,-0.5562434212608025
1,-0.154162078179354
1,-12.222823715799393
1,-0.33259660455128426
1,-0.03340320025799315
1,-2.16689512916642
1,4.921797247187278
1,12.82986194820986
1,-2.416758902434026
1,-6.036279422831157
1,-0.7560769616131608
1,-8.761343929319395
1,-2.8978867266992836
1,-0.5162073477292779
1,-0.31199168184663506
1,-1.5595943496091422
1,1.0666831064518334
1,0.3540691603890025
1,-0.014523630339979832
1,3.4387421209951654
1,-1.8493151628242401
1,-0.43870670193641104
1,11.928625024757565
1,18.779127357476426
1,12.133340903492467
1,15.513367509540785
1,6.3927768376081175
1,10.080578175293155
1,-1.5209887942534266
1,-1.9848181992887532
1,-0.46589917915530066
1,-3.885806403945665
1,0.03413117715371072
1,-1.0177291362922176
1,-4.312961956241949
1,-2.000632749339246
1,-6.459444860956623
1,-0.7151685687930751
1,-0.4402787632380125
1,-0.8949766699007711
1,-4.5565662036420775
1,-0.33747342809095926
1,12.111657932315254
1,-1.3829586490133323
1,12.241797961230674
1,-0.15341030223505925
1,-4.177990125998647
1,-0.20307981343707127
1,0.036046230954184466
1,-2.3490964260026317
1,-3.4742412581320963
1,-2.710854450224147
1,-6.889609839159334
1,13.914979427291868
1,-7.813461222624838
1,-0.5081698334822136
1,-0.7030933119763603
1,-0.39584977178829206
1,9.133172806125302
1,4.117982468799738
1,-0.8520340612903397
1,4.37749466301517
1,-0.3752199658298423
1,-8.035032613788601
1,8.32392982682343
1,22.433108991256887
1,-0.9306615353332433
1,10.992337224528043
1,-3.9859813830445034
1,6.4400135213561
1,-0.5096978785932293
1,-0.07669415361563381
1,-4.258288570265407
1,-4.138735678580929
1,-0.9520026291100265
1,-0.6729248147020854
1,-3.545531921780281
1,-4.194268076159503
1,-3.930276043873434
1,-1.5332260056783156
1,-4.792350305454832
1,-1.4355836587888007
1,-3.287137714012161
1,-3.9308684174835093
1,-2.644196272399853
1,-2.698215551335835
1,-1.4961573837605044
1,-0.8022816206784427
1,-9.570651965350123
1,-0.13024429716074337
1,-0.2763693752415719
1,-3.716162987846019
1,-0.6100033537396286
1,23.63926746199789
1,-2.445182281159461
1,15.96984991691383
1,-3.7018539383672646
1,-0.6956642967776645
1,-0.22407694543461787
1,20.199501348580867
1,11.27386862375127
1,13.775074272524009
1,-1.8938513261378773
1,-0.3754523471047406
1,0.20238386504821904
1,-1.376339569102555
1,17.6048024819531
1,-16.69195430698781
1,14.38763435707088
1,-0.5596754160675488
1,-1.1293020409798373
1,-4.113659040732614
1,-4.823909160097571
1,-7.763927603415553
1,0.4549322887443168
1,-2.3806986513904747
1,-2.397224875765133
1,-4.324291759449039
1,-7.590480371092113
1,-0.628993784956748
1,-4.5146177674365475
1,15.485086592481338
1,7.725796719635895
1,5.129291307928625
1,0.28153339674003064
1,16.268441405645575
1,-11.929291394898584
1,-7.916664408851531
1,-0.5642193315231054
1,-3.3576681130099644
1,9.889161970820055
1,-2.4133962175984465
1,-28.959963767897648
1,-1.265704277085547
1,-6.057492634099546
1,-1.3769206507407432
1,-0.656489018919558
1,9.207707051055309
1,-7.908881102928731
1,5.138929276804802
1,-15.993966847740452
1,-0.7852784437961446
1,-11.097633611337656
1,-10.416732237738955
1,-3.9779013722962873
1,8.203271780962254
1,-1.848021231837123
1,-1.406546855013616
1,-2.179255912402539
1,-3.6601776902225254
1,-0.4469492687884724
1,-7.788694297094537
1,-4.16560395699554
1,24.61798665636563
1,-0.41731582374093534
1,-0.3158177105510873
1,21.549207336471156
1,-16.551502153796676
1,-6.139915766415442
1,-0.30985583300073927
1,-0.12517774406897786
1,-2.6019769943354305
1,-1.3733035291301263
1,-0.7069958550707724
1,-3.579182602230347
1,7.8162570998689915
1,-0.3726591185861423
1,-1.6945560007104632
1,-0.38933772542647205
1,-1.8039663913117465
1,0.18585601118061845
1,-2.1851632849650144
1,6.63808359180171
1,-15.745952833464443
1,-0.3541154803052393
1,4.952749577785049
1,-2.1477211323138334
1,-1.6799783471504384
1,-8.96477757361707
1,-0.2630540580112637
1,-1.3541495447163499
1,0.14093696142479928
1,14.2555095271304
1,6.85227452562129
1,-1.2013430988220648
1,-4.2153600058042
1,27.019480119776944
1,-2.0418521241795133
1,-0.33553983386430275
1,-4.202084405063417
1,-1.1415096846027382
1,-3.0963376205198756
1,5.80222731170651
1,8.485655297078935
1,-1.1095959434246367
1,-5.967146745801784
1,0.30580361130270717
1,14.702129000580982
1,-0.0739038621786392
1,-5.8988058819895315
1,-1.7529455543228494
1,7.215807029112952
1,-2.5966504344472128
1,-4.973856403738324
1,-0.5551126162048803
1,8.95209241897036
1,-1.013623253785667
1,-11.867923889591111
1,18.365482916475827
1,-0.19211465293381025
1,-2.3828244894211394
1,16.33985425729486
1,-0.5669519543447592
1,-0.27893136881313296
1,-1.3710780237372546
1,-1.8558507704397726
1,-2.750482524465852
1,-0.3111581654158755
1,-3.7876298897669187
1,-1.1292769794195436
1,0.2362769644705196
1,-4.954385373581374
1,11.506357272156464
1,-0.6307116746617254
1,12.7125309963629
1,-0.3940836412367048
1,-0.35451694878321405
1,9.116905258934217
1,13.220143430504095
1,16.619277591575525
1,-4.6625040499067865
1,-0.239704710877362
1,-0.4081459911539014
1,0.4014743261464844
1,-2.0869565624182087
1,10.762985504183987
1,14.286582992943366
1,-1.750066318520311
1,0.02069178188708065
1,10.829539175490751
1,7.118130764535721
1,-0.9430335674101542
1,-10.303997110225367
1,-3.233880235363287
1,-0.402052906723128
1,-2.4863202910654394
1,-0.17716840095071973
1,-1.8589564719546274
1,12.153315740106152
1,-4.825755797745487
1,11.570654193316237
1,-1.0102520010310627
1,-0.4649868851731469
1,-4.378880980864039
1,11.992775202563351
1,0.21991208083773017
1,-3.348751428730779
1,-0.4471701294645669
1,-10.930754759541472
1,-12.031778528662016
1,12.183686618583849
1,11.888351493909255
1,-2.711648307147698
1,-3.0264001622527843
1,-0.6097790439303452
1,-0.18999825113297675
1,-2.8345124828610437
1,-1.9571561867047365
1,7.487351642186695
1,-6.185092840927169
1,1.0755146432494485
1,-4.77377051842825
1,-0.8065425800142947
1,-3.0834781528585467
1,11.036179060921086
1,-6.159463809828097
1,16.159864359617686
1,-2.673067806351952
1,8.227702735177957
1,9.005573685379304
1,13.623739834985003
1,-23.409115944066926
1,-0.15567605748245228
1,-2.300343382825531
1,18.74197160600896
1,-0.4288793936155457
1,-2.9196958413815324
1,-10.734823567533994
1,-0.37276860434582204
1,-1.9696410159818356
1,-1.851366892625876
1,-3.838426150540556
1,-1.9542707395610819
1,-3.9395809273270146
1,-2.0943790383433623
1,0.7551837236509016
1,-1.0464199393789642
1,-8.98356838291103
1,0.11982574082040287
1,-0.32058470338124323
1,-0.5088591255240829
1,-1.626154284248912
1,-8.37556774396441
1,-1.2716740677305012
1,-6.5943800355676245
1,-1.9887269886594083
5,-1.6951625856246437
5,-0.3523160435223929
5,0.05865405804965462
5,-9.464611156714
5,-0.6495851870904374
5,-0.8541280275492511
5,13.626210754080361
5,-0.7931853810198675
5,-3.983290764064094
5,-0.29692940393030653
5,7.122144903401214
5,-3.104123848127614
5,-0.31665000341919836
5,-1.9777338218861473
5,-6.436596764769234
5,-0.4394385611028895
5,-1.6341612906759053
5,-2.823464253505392
5,10.574381139964956
5,-3.482823643676028
5,-2.142238019586017
5,-2.659461086846548
5,-0.4458792115631667
5,-4.158905899598977
5,11.887451600107568
5,-3.488261168530954
5,-3.2987832481718726
5,-0.552389445291908
5,-2.0576591663965047
5,-0.8945312522775453
5,0.5596055184132354
5,-3.9201200319196374
5,-2.4694952548292406
5,0.8402198898242261
5,-4.4070018794970025
5,-2.3055794358759982
5,-0.236806401502335
5,0.48039345757526064
5,17.720168158869
5,-1.2664975815300892
5,10.798125007583053
5,15.110744175394444
5,-1.3193970739240228
5,23.30333050749975
5,0.5907679648553312
5,-1.3364544500670377
5,-1.4748376542954702
5,-4.561339741266039
5,-8.349691453396304
5,-0.6485336430452691
5,-12.454078326271784
5,-5.775095744447711
5,0.11855803288514721
5,10.043653927699317
5,-0.16215705569609895
5,0.15561916544660903
5,-3.2317274453584446
5,22.461198647944308
5,8.572216065289034
5,-0.4524679020464504
5,-1.9649903161945161
5,0.2005123979139114
5,-0.09615142990021752
5,-1.348696582068868
5,-3.1873549039545566
5,-3.3461519007196543
5,-1.2816665086037347
5,-0.9388419867434123
5,20.729511752357865
5,2.1986852688991156
5,-2.6917493048614745
5,21.507597324839523
5,-19.987661988719836
5,0.029426108754776692
5,-1.920710688487162
5,-7.686579235493795
5,-0.20383495945964114
5,9.584205321456452
5,-0.3560823014250616
5,-1.1250936502262903
5,16.361174620072333
5,-3.5377728915541127
5,-1.0011476651204703
5,-4.664631826956054
5,-1.3953971956590863
5,1.0811213304117757
5,7.240670036905641
5,7.123839676335322
5,0.577214569551515
5,-1.2380276978311997
5,-0.8548016479025193
5,-4.509603377327295
5,-5.3712131892879
5,-3.7175338984183526
5,-0.25710833974221714
5,-4.767199978038491
5,-2.281344558485415
5,-7.995493900435633
5,-0.6484297396188765
5,-2.5917643236999908
5,-1.8263084471618924
5,-7.623900273542219
5,-0.5085109280734628
5,9.14839048740214
5,-1.3879994854653717
5,5.79667323963038
5,-6.275635544074902
5,-3.2616582110978527
5,9.728572595766629
5,-0.08506290013170315
5,-0.6055346722469608
5,-0.4111906076117009
5,-0.7251622530281168
5,-2.445263479094592
5,-10.193247160811694
5,-8.402182151206148
5,-3.0280162707871767
5,-3.444792468953821
5,-1.1288683717517074
5,-9.842210900468743
5,0.08483541778393544
5,-11.42444892014396
5,9.085071551722251
5,7.029646675054025
5,-1.428625013500195
5,21.31322428523245
5,9.871886787479582
5,-2.695440180559828
5,-5.278835472237404
5,-1.09159636717321
5,-2.973791760541218
5,-8.396583222174513
5,-0.2903440444345051
5,0.474262083909494
5,19.640428104803462
5,12.24295130589708
5,-2.6558405214035616
5,0.43902996811104344
5,4.525172569378732
5,-0.5077299565006825
5,-7.26092853684564
5,-1.7631354833129933
5,11.18882437628372
5,-1.3328846989354304
5,0.7997172115704245
5,-3.170324945851476
5,13.141653970532815
5,-3.2766085780896077
5,-4.139326610624778
5,31.483961457084774
5,9.934737090587717
5,-4.444255133279341
5,-1.5770738897704888
5,-1.6097718600197481
5,1.3258583581969816
5,-0.14090346227204975
5,13.973925123209597
5,-2.8745544347871146
5,-0.6370527772435111
5,0.5882466130169064
5,-7.2387141140221445
5,0.681227340065746
5,1.914590797129506
5,-10.24424133309364
5,-3.1692034473762476
5,0.546926170669515
5,0.5483728746216059
5,-6.419505000870359
5,-1.5400619863887073
5,-2.0268024306912906
5,-0.1498567729643412
5,-2.4528094288927775
5,-5.770912681247012
5,-7.430931617102004
5,15.669668312307536
5,-0.9301340532787918
5,9.459847496402276
5,-3.0706134043947486
5,-5.427649665597514
5,-0.4061138888751685
5,19.694950833689177
5,-1.0162881862086977
5,11.142634553596316
5,0.059526381848684196
5,14.858526854981392
5,-0.6204109651852292
5,-4.383468918352122
5,-0.03925482154204474
5,-2.5089814263354953
5,13.301362655542206
5,-2.967239733572768
5,-1.3997455710788103
5,-3.3212703207616556
5,16.346107283951426
5,-0.8802442697368207
5,-0.25054773567636346
5,-0.022109402313432724
5,0.060104211991202305
5,-1.9826337631892699
5,-4.118334255087007
5,-14.533669719557906
5,-1.6339211518404824
5,-4.524038567793681
5,-14.55963226252264
5,-1.4154456995697728
5,13.183470214225814
5,-11.792891368528942
5,-2.4089253701498734
5,18.573699552802594
5,15.965382669799482
5,10.569936539748738
5,-0.9917330525157269
5,2.231209629691868
5,-0.9422932172168004
5,-0.24565288113666384
5,-4.882290288573444
5,16.459038654679233
5,-0.5025381556374242
5,-1.4603648068907376
5,-2.4247637965912077
5,-0.450801278802615
5,17.6382655488906
5,-3.2409106083989343
5,0.2210947619113881
5,-1.5376962627854738
5,9.302655925152223
5,-0.28911486443588785
5,-0.46295557491038153
5,23.424637076678906
5,-12.409492541074243
5,-1.2810214089118972
5,-1.736475454738482
5,0.7190354537965078
5,-1.0390845012541803
5,-1.1611197955609924
5,-2.9875595468775487
5,-0.9748545209554891
5,-2.791411329582772
5,-2.5171782894430095
5,11.395823028311199
5,-0.6206934462624929
5,-2.1839869772025224
5,-1.3380155604065038
5,9.104484544069884
5,-2.1606800597131013
5,-0.8281612624469687
5,-2.4695042161276177
5,-0.676912958359452
5,2.241432714233497
5,-0.13162148188764888
5,-5.016729796546812
5,-7.727500546085025
5,0.47179525610928863
5,-0.8978908389310618
5,-1.7481977181003003
5,-2.113832736471238
5,-2.087788461795938
5,-1.9200222786359404
5,3.842506297677353
5,-0.641148161475769
5,-1.1620057447373995
5,17.719835265839393
5,0.2188778710971917
5,-0.9936718217126099
5,-4.711324951271237
5,13.063783656537169
5,15.180510934683582
5,15.66767599209598
5,-1.0469968622461323
5,15.751276619187735
5,-3.3223275642471606
5,-1.010023120523087
5,-0.2570561219596925
5,-0.5641000447560032
5,0.5873629697958336
5,-0.8510955986767641
5,-7.134615181474999
5,15.845316687475986
5,19.523712867391595
5,-2.3301400110142936
5,-1.0536957666683264
5,13.792085095791492
5,-1.0165926460066146
5,-5.435553051813031
5,-1.1642023284671126
5,0.4655798661167765
5,12.417362975346961
5,-2.9259580239468477
5,-0.2741875004638956
5,-2.921012856840605
5,10.951776900271085
5,7.658386537904178
5,-25.955418229322042
5,9.848127153807368
5,0.10133947752828476
5,-2.102860782753936
5,12.269809668115727
5,-4.4837570917329685
5,-2.8752591009107533
5,-3.234865185427168
5,9.714630257234276
5,-12.157636626919611
5,-9.563642114630525
5,-2.84148670501078
5,1.2410576370262163
5,0.18143620878379352
5,-1.7899581762294048
5,-6.54849041468681
5,-1.7667166800624017
5,-0.6264101399861914
5,-0.9977816207775874
5,-2.2115676407240272
5,-0.5211717287619564
5,-0.24042601636209326
5,-1.0602368752032447
5,-2.7374141432441945
5,-1.2968306591412073
5,-2.6599824645459194
5,10.990607137611704
5,-0.9128828312679218
5,-0.9609480138782942
5,-0.03264980774852688
5,-0.04606354306301341
5,-1.3450290002825795
5,16.153716635798617
5,6.998435515637922
5,-3.5350374670290137
5,-2.024325390729345
5,-2.211114378169995
5,26.49987431154554
5,-2.341625546586087
5,-2.7992053736487605
5,7.352701967962574
5,-5.782609706188467
5,-2.1144505200320936
5,-1.0088681077198771
5,-2.8254758934967867
5,-1.3797110631301877
5,-1.343336878865344
5,4.535461638637187
5,-1.990945926865436
5,-4.462721192154987
5,-1.74820974428782
5,1.116863836665928
5,-0.31984980809754404
5,8.996461926002212
5,-7.856533574069999
5,-0.7351301320113208
5,-2.9226277135993115
5,-0.08654435804888294
5,0.4341286154571975
5,-2.5634307797710676
5,0.8995726447267245
5,-0.31086059444784553
5,-2.5062255232601416
5,-12.21870967440951
5,0.9149838510219439
5,4.431707910201709
5,-1.4685658150191756
5,-0.8608483706530734
5,-2.3643439759090796
5,15.501306112035223
5,6.99589470727846
5,-0.14510958536561702
5,-0.6217019721978403
5,-0.44364485771374973
5,-0.9372872405288604
5,-2.7218249927010874
5,-4.169161627951993
5,-1.3359910399246502
5,6.524491505115648
5,16.88584019535449
5,-3.2606950198741913
5,-0.022949598937344717
5,14.382560261372547
5,11.011628709075893
5,-3.828630748032097
5,12.0617328883732
5,7.629981319692391
5,8.80763289065483
5,0.10984490579924966
5,0.130207614396312
5,0.8999207984314808
5,-0.3115572517750991
5,17.145109634952604
5,-0.6578781250858867
5,-1.0496432630974795
5,9.287834489141986
5,7.585241188162627
5,-1.5558858158183853
5,1.0452202599968956
5,25.046146141703616
5,-8.953262105856695
5,10.313328211517351
5,-8.546473824468421
5,9.731952892169275
5,7.1078863367870895
5,19.721902758794883
5,-7.011627479425016
5,9.025217745079601
5,-1.2469033589127747
5,-10.088545525852098
5,14.135815785258401
5,-4.382510192930397
5,-1.6719165449248266
5,-0.4683929809437757
5,-4.16451547308597
5,0.33623282633456597
5,-3.385506511915139
5,-2.269910884930269
5,-0.6284558680510912
5,-1.1499178339617515
5,-2.1702896547523665
5,0.07065644430035434
5,-0.17795628259248986
5,-2.2610474178279674
5,-4.447177487713432
5,14.758845873181414
5,0.5953103825531088
5,-2.064539719152833
5,8.184830233337948
5,-1.0921321207868147
5,2.22626273383824
5,-2.490149464439071
5,-3.660096812961939
5,-3.34294331224406
5,-6.541939447714981
5,-0.6596156035925702
5,-2.3627274665465023
5,-0.1393594769803599
5,-3.6472894360968553
5,-2.140507377192634
5,-0.18080771715673905
5,-4.247782585863902
5,-3.858458787813717
5,-8.169602683292567
5,-8.1294584927914
5,0.21577563362680507
5,19.488934491047246
5,-0.02000925496534478
5,-0.43725828499124475
5,-3.0981219685356223
5,0.03944679418275143
5,10.47832026446629
5,-0.14421117805828487
5,-1.9385741063851185
5,-5.670035614828308
5,-0.1648179720983478
5,-2.0535400611626073
5,-1.8599496527402835
5,14.11506469622097
5,14.632757512168666
5,-0.8416569263697369
5,10.80302138503805
5,-3.8921277709221727
5,-3.397139199959142
5,-2.9877664188946653
5,10.290594196534343
5,-7.672301964863777
5,21.773396471030424
5,-0.2654902022973147
5,-2.0305397311600757
5,-9.26673890555361
5,-16.27546574148697
5,10.564196843633638
5,-3.2437206039055866
5,-0.19333130752401928
5,-1.378104726898627
5,-3.3822450546073384
5,11.188459512548626
5,-1.6305830564847383
5,-0.07566519337811428
5,-1.7752163660778848
5,6.939972606613772
5,-0.42044893692781216
5,-8.921235651837165
5,-0.46759495757275715
5,-2.689186604399495
5,14.007137306492439
5,0.22379755090381082
5,12.2725912531088
5,-0.29629675099120334
5,-5.416805780822187
5,5.782807164188412
5,-0.8360051890228704
5,-5.4079002221915005
5,-1.5449735925993764
5,-0.3314794489367756
5,20.231956059423382
5,-1.4644472497027579
5,-0.2573989404172323
5,-0.07679221182962692
5,19.090487010440725
5,-2.101701186045119
5,-0.8471549465612469
5,29.177557544492117
5,-1.0366073612440516
5,-0.4210790963825275
5,-1.4117897433754365
5,9.436135377580712
5,-0.17483424687320337
5,-5.094594096636911
5,8.950691897078883
5,13.340958130223889
5,-14.211108850209627
5,-1.708852580149241
5,-3.211717261970321
5,11.467556807294727
5,-0.11880875056532147
5,-1.0194703756020544
5,0.16930193108937885
5,9.233403737931013
5,0.8564466606186159
5,-0.966427309299263
5,-3.166501124961144
5,0.5403817104658515
5,-0.1980006957857512
5,-2.5654107276375413
5,-2.59780281119977
5,7.000349418149916
5,-3.3015465802248514
5,7.250535441880999
5,-6.556480859963727
5,-0.20591581537050274
5,-1.9701997872857362
5,20.292210406520866
5,-5.234981075644697
5,-3.181135587218506
5,-1.5670719324561446
5,-2.003443678933408
5,-0.6766307632728683
5,0.5990267916073577
5,-4.11781097481159
5,15.085347884171142
5,-1.3075686925888448
5,-3.1251107953228683
5,-2.429263907093244
5,-0.8545259620528327
5,-5.838047502768248
5,-1.3757037838523445
5,-1.7613568251891536
5,-1.6913182216970597
5,-2.1166252830998076
5,-13.534525999241339
5,8.91517000321889
5,-2.6699665042818026
5,11.873944026240352
5,-0.020168725632956352
5,-2.3813177053184944
5,-0.5593157980373462
5,-5.0550526957399455
5,-0.3389015011844947
5,-1.2292784094096163
5,-2.836145853306192
5,4.261056357042207
5,-4.493180309280987
5,-0.3176370149911065
5,-0.7227974212682398
5,-0.8647910126115477
5,25.049299409467707
5,1.357693230255009
5,-0.23146496247753134
5,-3.4679610577547493
5,-0.8657993620944495
5,14.0641094522299
5,-0.9757676697056326
5,-1.4890891904382215
5,7.10570506842074
5,0.6645053797151235
5,14.633282785202653
5,-9.793150793539425
5,1.9429120833660676
5,6.917250311386056
5,-2.982996848729215
5,-0.08336929926733205
5,-0.9460740913541201
5,9.66374921256201
5,-0.2891706653606292
5,-0.35982750693152354
5,-0.5119513981260866
5,-2.3496356116841497
5,0.31991729580875017
5,-9.65330612183007
5,-0.8966483138880932
5,12.476846885894076
5,-1.4864000919776714
5,-8.917750366469363
5,-10.111516100916504
5,-0.44863609189964393
5,-2.4954830277478237
5,9.67532244923396
5,-3.707205228496946
5,-1.6708129168220864
5,0.1833910405397745
5,-0.20565181781999797
5,-2.077099934103174
5,-1.648281288118767
5,17.029102088572017
5,-0.2763401694985248
5,12.974813733349947
5,-0.1436466993086185
5,9.385614213079812
5,-1.7186469516279885
5,-0.07283081840442662
5,0.26289299724280113
5,0.0006787592293875377
5,15.157545869363346
5,-6.031715973108632
5,-1.313526283677092
5,-0.08869774341786751
5,-0.33511082511422785
5,-0.559831997707704
5,-1.9386744539387166
5,0.003739121577439164
5,-9.645113684043508
5,11.38664724407272
5,-3.5461628129882428
5,-3.383268017108364
5,-3.6292152940463325
5,-0.511533382245986
5,-1.3940045660470588
5,14.949031292662099
5,0.052138010340186725
5,-4.19346128810389
5,10.065233094578431
5,-0.9561790254471418
5,-2.1737735362934245
5,-2.8287382667701593
5,-2.771681475554459
5,4.102932964242754
5,-0.9220328460677081
5,-2.533700018022259
5,-7.498482270608392
5,-3.4256916483306554
5,11.27314799459073
5,-7.278791150074653
5,1.7480260547937831
5,-0.4814761217073027
5,-3.4294200015070686
5,-0.41809235691439994
5,13.434401188904957
5,-1.4446735040146876
5,-0.27516998498759904
5,-0.8012744241979135
5,13.589631460598198
5,0.06938823318553489
5,-0.6051103817093946
5,-1.2882143929910228
5,1.3731204968625477
5,-1.1312544371288737
5,-1.9425392933840726
5,-3.3819314804408123
5,-1.1725929650114608
5,-6.1270713764613305
5,-3.9009251304885026
5,7.68667395444664
5,-0.43987116933912773
5,-0.4991316562241934
5,-1.8665280125394759
5,-0.8650484961542162
5,-0.18302603730663236
5,-1.6768372777873992
5,-0.35649491687135537
5,-18.106386433069645
5,-1.7858187960068648
5,-4.671216357916151
5,0.27856140996016165
5,-0.0703009066499618
5,-2.326795036797364
5,-1.9561579831494953
5,-2.0614926149733748
5,-3.177517490056232
5,7.744831190851187
5,-0.41671664809098274
5,-3.265203712115877
5,-1.2315221566421144
5,18.43735667220985
5,15.103975928531398
5,12.93912817372646
5,-0.7017143804923904
5,-2.4736107959485025
5,-1.9717896821473175
5,-5.295442430081593
5,-0.8076907807555358
5,9.527404613601405
5,-2.5500623598024674
5,-1.1463147763566894
5,-1.984192991841482
5,-0.7140395000004673
5,-0.7860035662706082
5,2.1570325056827073
5,-0.27812886757087085
5,0.07833185218724736
5,-1.0944030547559578
5,-0.43710882234164217
5,13.389107526750962
5,-1.6164547756524996
5,0.059857513722363365
5,-1.6338262244240696
5,8.86719389778726
5,-2.5727163130387822
5,-3.5012203344851685
5,-0.7288197831530141
5,-2.7477546152435366
5,-6.9060867097917225
5,-2.230240485050672
5,11.65338590657339
5,-1.6052963054091975
5,7.699164655727614
5,-14.391636129637561
5,-11.554554956255544
5,-0.21462672904554836
5,-11.657252952413273
5,-1.613185265902274
5,0.6570310121895631
5,-0.027213224884405918
5,-1.726427507962839
5,-2.0566233377096523
5,-3.4905994303990155
5,-11.396088684770959
5,-5.15382699689917
5,0.2786882808142792
5,-8.654062317392075
5,-2.9042497395637525
5,-7.05918350898861
5,16.63357347955761
5,16.722919191208604
5,-0.25630284255991853
5,-1.626237924943112
5,0.42671303671404814
5,-2.4215817981206555
5,-5.006524299823667
5,-1.6996357133857884
5,-0.5008894126985695
5,-2.008747032965829
5,0.16957700364282857
5,-0.6891734914878498
5,-0.16465045254361144
5,0.08663238213156887
5,-3.9171028354149655
5,-4.111883633986224
5,16.597758551743738
5,-0.7900328870895663
5,-0.16110527661065532
5,-8.611600821755076
5,-1.0488668491779265
5,20.5206716818172
5,14.599166873189048
5,21.970584503464934
5,13.294703081761462
5,-0.9150465484024295
5,15.847039148613817
5,-2.3333209438414855
5,-1.0521954227474026
5,0.12758978902471085
5,-0.45951273859706987
5,-2.939815288556673
5,-1.6654101927759655
5,-0.0031068194688685935
5,-6.32345581637351
5,13.997115103876084
5,-0.4804312713877863
5,-0.6353529442210402
5,2.95189320128096
5,-0.42330090189030045
5,-16.209753694824414
5,-2.2444415177084664
5,-4.149009086827633
5,0.0512136442814608
5,0.41977359724434393
5,18.686025573039984
5,9.85750249834976
5,0.13072881249527768
5,-12.602986956008692
5,-1.0794528873585136
5,-2.4652241681303977
5,-0.8155286841914489
5,14.55895779745984
5,-2.0590770320452805
5,16.226800112510702
5,2.409127347682073
5,-5.322441576434741
5,11.800506810794957
5,-3.9894926107396316
5,-6.332274378312462
5,-1.3669613039353123
5,6.628966036901829
5,-3.8150694644101293
5,22.358517822534694
5,-3.6867371926618517
5,-2.6321077568210995
5,-1.6194268213721443
5,0.7453357040833737
5,-1.4196576632236741
5,-3.1415632591037195
5,14.883155910383415
5,-4.018416085130312
5,-0.5352567711951792
5,0.28533551580841277
5,-0.27526177027358756
5,-6.068807079024282
5,-3.0462544647564584
5,-1.0944730336827035
5,-0.764848800641488
5,18.220529742114778
5,-0.762946678386939
5,-3.210634012210903
5,-2.0733652193346757
5,-1.1620866021482215
5,-0.3695273257737597
5,-0.35486193795438226
5,15.61691001207555
5,0.4384819375388389
5,-1.115406002232362
5,-1.5298546713640917
5,-1.713213557507089
5,9.160428634435547
5,-1.8529245649592099
5,21.96101931643959
5,-0.502703149200741
5,-3.6524234693108895
5,5.428153704071768
5,7.641786731265924
5,-1.1958271544913401
5,-3.997627315000287
5,0.28174487268751136
5,22.04800662169454
5,12.301418254616365
5,0.014574428487946989
5,-0.9143592391339013
5,-2.1433743926340156
5,17.658197948582682
5,-11.623212686110662
5,-1.0992088812399459
5,-1.611100945862276
5,-0.9902035439190229
5,-0.3398659261956851
5,17.57715226652057
5,-2.3423126625995536
5,-11.975581285424994
5,-2.478444897078191
5,10.490659696342398
5,-2.5901960868033314
5,16.972774242394664
5,-0.35737909030470405
5,-3.8617129310393636
5,11.034445196917247
5,-0.3590341584464056
5,-1.2308261117718473
5,1.3987442479770351
5,-1.052485228478531
5,-7.267204751788938
5,-1.899968479251811
5,0.02162506664724617
5,0.14921166341882497
5,-3.729876086656816
5,-11.258963342173303
5,12.611034830240278
5,7.621465656217481
5,-1.0775590917685776
5,3.813208215460037
5,-3.9273883013944584
5,-0.03132757122290286
5,-1.7516627578475408
5,-12.348426943500357
5,-1.4635559255753208
5,-1.2103235984563838
5,0.4713345487195255
5,-4.090888784981317
5,-1.8595365056561235
5,14.577981993762748
5,-0.0019966950460315047
5,-1.0130329618287135
5,16.175314269591205
5,-3.9679716607184616
5,0.0329697091067942
5,-1.355255736692797
5,10.811427941674097
5,-1.1362720087488611
5,-3.525607512729806
5,-1.1657759139015837
5,8.870695023792933
5,-1.523939351462218
5,4.275041078568144
5,-0.3637962953608991
5,-0.9138881011847957
5,16.28150533130534
5,-4.705903422091666
5,24.22350236541304
5,3.6074691891088264
5,10.607795256199225
5,-1.5447980739700569
5,-4.672912470886942
5,-1.0174718394833917
5,-3.30585596669178
5,-5.38663434872484
5,27.947583845449287
5,-1.4765584142731996
5,0.4505090723980061
5,16.489005806508032
5,-0.9325379898836559
5,16.021756444356328
5,0.7265279966039913
5,-0.2905016162591778
5,12.357498717326663
5,-4.697554707856199
5,16.38555896294949
5,-0.0293800405549689
5,-11.557799872990216
5,-0.602342777240537
5,-0.3831305985199833
5,0.0775930140081158
5,1.131189118388079
5,1.2679238139305937
5,-2.602088326031449
5,-0.06926314351036922
5,-0.833370150090289
5,-7.560204324737015
5,-0.9442751090352601
5,-2.7111682683241867
5,21.91741021177984
5,-3.5157812306949694
5,-0.15776276384121957
5,-1.7227392685433642
5,-2.7981717938360333
5,4.107446363056454
5,-0.8104294779005841
5,-4.311605260085713
5,0.09541064603085658
5,16.173565729628493
5,-8.797652392609677
5,-3.4681620802929416
5,-3.0695263820625485
5,0.36361961048687874
5,-4.738078250886872
5,8.971509369083591
5,15.4259672035124
5,-5.355985037581391
5,7.709879086074054
5,-4.50252143673174
5,4.019389590927915
5,-0.10401940617143168
5,-3.0878520431598844
5,-2.8632411159955637
5,18.011984185662698
5,-1.2864012076839373
5,15.619807122995397
5,10.453075011643051
5,-1.4067556554138179
5,-0.45974697428380296
5,15.73846881743053
5,-9.426091827289255
5,5.017956850318569
5,-2.5049532356720476
5,6.314863811221912
5,10.147014057476554
5,15.81964180834089
5,7.2454740104548705
5,-1.3750556846689364
5,-13.767328445284306
5,11.999881602559825
5,-1.3637283399402236
5,7.991945920868474
5,-0.1894125523341188
5,-1.3618943338857434
5,7.863817333546308
5,-5.444820833437689
5,-2.089406357267748
5,-2.7266283435897236
5,-6.624940247052066
5,-2.4521029476170355
5,0.3715890127148498
5,-1.6530784568597738
5,-0.6927036784955334
5,-4.437389993655231
5,-0.5527517323128563
5,14.962198669006114
5,-0.8148632768114226
5,-3.1602671006722147
5,-0.2016698151271612
5,-9.081596786435554
5,17.575803121199186
5,16.13495941393498
5,3.7765655371314324
5,0.06619192581480604
5,19.70654406605557
5,-0.463605809718004
5,-2.875026427618664
5,-5.574582232044804
5,-1.3315167311440064
5,24.65209493145514
5,-2.0225566928489798
5,-1.3218213287361777
5,-1.652634676513344
5,-1.9115076065723713
5,-4.542960176791581
5,-2.1799909186031527
5,-1.9756112169859534
5,-0.11944316668541433
5,0.21048650583901463
5,-4.60260197730625
5,-11.50726326470945
5,-5.329310247367744
5,-0.1835700727812366
5,13.988148168889637
5,-3.6355251636765757
5,-0.7242027043504891
5,-0.1689303017579249
5,-2.955619886176862
5,10.204359895039275
5,-0.1856811243919907
5,-1.598374793268448
5,-14.70700986867395
5,18.66090793888715
5,-0.7760359910741101
5,5.224461321020318
5,-0.9730778463892591
5,-4.366893136681512
5,-0.9008634008286549
5,-0.1935062108303498
5,-11.760347792619626
5,-8.079087749481033
5,-7.146932108568137
5,-0.3777805760976207
5,-0.41896618890920934
5,-3.3063609004622236
5,-1.8379514520890723
5,9.94736726919146
5,-2.094314899000409
5,-5.625173530117024
5,17.5394000699453
5,-2.2159453333577517
5,-3.448557183893655
5,13.589669226163636
5,-2.7953584711049615
5,0.044223034169817765
5,-6.724720825548957
5,7.905561972273816
5,-0.7787092400674851
5,20.78494157901386
5,-0.8232685822307246
5,-0.49840511051483816
5,-2.810680580228194
5,-1.0712588651288684
5,-0.4266134542280611
5,-3.6780475678182682
5,23.559805545587963
5,0.35732068284369234
5,-1.5389750169755132
5,-13.012779382857033
5,-1.6252079553841696
5,-1.2072225513354624
5,-2.2989784391498347
5,-1.8805847635240411
5,-6.160756658299306
5,13.699980167523904
5,-2.1632853581506737
5,-1.283368270037812
5,-0.012917295787573835
5,-0.6680439970291445
5,8.026043659060534
5,-7.645365102469782
5,2.7599419574388264
5,-2.010100515101712
5,-4.081632458338106
5,0.3094888778903453
5,20.868939751956432
5,19.58803981419078
5,-1.8624440276383325
5,-0.6846197556064482
5,-3.1604077347295885
5,1.1344956692779817
5,-0.09205705402186481
5,0.4515682791098854
5,9.370514691672199
5,-0.5792813912812989
5,-3.415998741938296
5,-0.3600953663052877
5,-7.28050636561791
5,-1.9467318721351745
5,-1.2003278572838951
5,-2.702943608174621
5,-6.345071132983833
5,-0.9065277143078845
5,-6.588862412024255
5,-10.633497992714695
5,-1.7992385094246686
5,-0.8884491271658703
5,15.453608802011246
5,16.434645235501392
5,9.18833709412472
5,-1.3743343539732251
5,-0.8452257688607432
5,22.27468165155328
5,-7.910019364194142
5,-1.3196506681817795
5,-1.8538607509478595
5,-0.4905179897409795
5,-1.9231077808724564
5,13.435167382043964
5,15.685261027036361
5,-0.417694235273089
5,9.079028290571202
5,0.7533440704943501
5,13.510742690837617
5,-0.5869884869794646
5,-0.07199201447865278
5,20.312775000277313
5,-0.0049429490589432135
5,-1.9226713615485735
5,-4.018622562242925
5,-8.305776056278404
5,-3.07179302507231
5,-1.5566353788497906
5,0.032111498968703245
5,-0.25272549284088086
5,-3.430691282392104
5,-0.3445038478884044
5,-11.772637565558796
5,-2.7372195684740888
5,3.995599161836317
5,-0.680624870076926
5,-0.24304494117504305
5,-0.3579266279175357
5,8.154550626783198
5,-0.9347401636640882
5,-1.0064660961091079
5,-4.228562285403498
5,-1.8514622756993617
5,24.439204507955537
5,-1.0025767177207143
5,0.365867952054316
5,-10.119930013521142
5,-5.938996984251247
5,-0.9278583528688529
5,-1.0569887210551343
5,-0.8829476858282419
5,10.399061095212687
5,-0.30800874622457286
5,-0.58933271257456
5,-0.04517175343798385
5,19.772448536163097
5,-0.9918733097219672
5,-2.4199539843620244
5,-0.6955389618190395
5,-1.7114508007169889
5,-1.1078594340066559
5,0.32013209071502047
5,-1.1047871211022482
5,0.05387292285573153
5,-0.19113326462917257
5,-1.2368932227575726
5,-6.739757601726367
5,14.426276987664593
5,-5.833242854343794
5,7.853645722651734
5,-0.3441410475986686
5,-1.4526464489730273
5,7.980525974900729
5,16.588566940067935
5,-1.4555248871869395
5,-1.2308277793235902
5,0.24439354525708268
5,-0.6947321095262566
5,10.306717310551889
5,-1.1107635254074069
5,21.550332374827093
5,-0.832086852393374
5,-4.152263023423885
5,14.063631726109335
5,10.037812580388263
5,-3.162057875569431
5,-2.0554150469550194
5,-3.357279424750814
5,0.2930304444739278
5,-5.160937218524339
5,-0.6343493602332586
5,23.615244851770015
5,-1.7115900141567693
5,6.6590911621241275
5,1.2565766260019302
5,-5.461513404206201
5,0.42891129149246865
5,-6.276530801476724
5,-1.7656292597981036
5,12.10458706462287
5,-0.9966789488139227
5,3.405069054031074
5,-2.5101025545188094
5,-2.838858955297951
5,-1.5401095736753518
5,-5.634256898095401
5,-2.8441197506485736
5,-0.739294031172264
5,-2.9027082593823934
5,-12.170866395092105
5,-23.88325629700887
5,1.8237090220209211
5,-3.847001600447129
5,-0.498943595172193
5,-0.7148180003180329
5,-6.6446913208921075
5,0.5440174571951815
5,-0.6837778642077694
5,-2.8191655675406224
5,-3.5477533485657062
5,-0.17404576752370815
5,-0.7432065005719011
5,-0.6044994319257029
5,-0.3852901599092604
5,-3.683157574052103
5,-8.86748336514674
5,-0.4291250346429649
5,12.283278727066957
5,13.919840166858052
5,-2.307554260164295
5,-0.18060810546553796
5,14.539024383636729
5,-2.104776803246864
5,-2.3291309148615937
5,15.815993107177505
5,-0.8359447045608448
5,1.1656070699409895
5,-0.6381558781190364
5,7.893692099721321
5,0.12093405467848584
5,14.794252111079103
5,-0.7872751523170649
5,-0.7205822882691564
5,-0.13326859061339746
5,6.692634207475237
5,12.45324992496252
5,-3.826356323956773
5,-6.1025370187849575
5,-3.9883051988616245
5,-11.269498025501662
5,-16.257451418467113
5,-3.4704161302224037
5,-2.8156842253307985
5,-1.418681704610833
5,-1.4242528136840917
5,-1.008457153129811
5,-2.447078601430178
5,-0.8176730829457313
5,-0.3932310756219266
5,-5.160701888976831
5,-1.0020463282560712
5,7.482948547820527
5,-0.32261217509787343
5,22.566087217195744
5,1.0925038221162993
5,0.2777545917142561
5,-8.507945075067639
5,13.295088666804418
5,-8.3636456968771
5,-16.128461416230692
5,-2.671591946631395
5,-0.9238442529389062
5,-0.05671387967751684
5,-4.734462472069978
5,18.410888332610426
5,0.06395289243732805
5,5.884773166512218
5,-1.0785058647713726
5,0.3466740134047086
5,-1.252178582931279
5,-0.3514584038741191
5,-1.3493203425977356
5,11.69276303409005
5,-0.9146450662404959
5,-3.978337764247968
5,-2.2343996910364154
5,12.610288691290364
5,3.351829529328711
5,1.842202599931106
5,6.280671048705138
5,-1.6319637972006404
5,0.38957094846787754
5,-1.4301593686547562
5,14.84616298450672
5,17.214510865497132
5,-0.727852876220382
5,-8.891903918862369
5,-2.537629516175656
5,-2.409568993788909
5,-0.6531127815489697
5,-0.2390914966951243
5,-0.7278593536464513
5,1.4805241321980702
5,-0.24458334211695387
5,-0.3498238191407381
5,-0.2715559088921964
5,-0.5973723822931447
5,-1.2695250871366
5,-11.724501109046685
5,-1.0526587879959237
5,-0.3911249370009955
5,-0.7286150233292119
5,-6.68277070172833
5,-0.3682781028900166
5,-0.828082134525701
5,-0.7110411812623596
5,0.497221098121031
5,-4.187033293268371
5,-2.5419117655143992
5,-8.095050326666247
5,-3.866033730338927
5,0.27113754522959255
5,11.430675908477312
5,7.772294130082713
5,-1.8266001535174894
5,-2.5696777755493088
5,-5.417094898216689
5,7.113214245287182
5,6.970520645954267
5,-1.058710713296108
5,-2.169622965792314
5,0.32192091980955695
5,-1.5659309134333768
5,-1.8469242299955653
5,15.956427570001978
5,1.650644320127455
5,-3.8953370852601807
5,9.24888862557134
5,0.2107860451123571
5,0.11945882858267964
5,-0.3269366896778507
5,-2.030943117700531
5,-2.0794768558367593
5,-0.6503091935668266
5,-2.754170629560491
5,17.90346014856202
5,-0.6082214997409778
5,-2.3903631350105456
5,-1.5791458668736453
5,-2.4916552996811134
5,16.69436475383941
5,-3.2803092036217407
5,-9.970353835128563
5,-0.02595532420646407
5,-0.8716641700130054
5,-1.2666334164663766
5,17.78571388458373
5,16.42008388208817
5,7.990204804671983
5,-0.04365581932258067
5,-0.9834322989483866
5,-2.571198562426929
5,-0.5778921389636622
5,11.057305047156547
5,19.321529186650338
5,-2.261221857611787
5,-0.35960798718627984
5,-4.958843844812918
5,-1.6891188145175846
5,-1.6512094732032097
5,-10.487164583043494
5,-0.4809878874660143
5,-9.098112347593656
5,-4.606857266429969
5,9.602952093975986
5,0.13775924219248736
5,-1.5318724367964762
5,8.37968286129081
5,11.010503546925975
5,5.7687253658695425
5,-0.5578494796407938
5,-2.9342475925480045
5,-0.7453946188186222
5,15.868943970048761
5,-0.39677018878653314
5,-1.0785806902945296
5,-1.1660201368787
5,-1.497040312951654
5,-0.05339242426462931
5,1.1722754370426571
5,0.6950120910676247
5,-0.6391358312481543
5,-0.6761086554097631
5,-3.0718402276868773
5,-3.0430727121013916
5,14.416515540165989
5,-5.265652312594867
5,-5.723288181619168
5,-1.2365666925345238
5,7.500252171738509
5,-12.325647474327894
5,-0.8908634390256509
5,-0.5204538798737559
5,-1.6892850188460784
5,19.55901908094374
5,-0.34890133895440556
5,-0.8610066727518983
5,0.3191624490856668
5,-0.5604412892518269
5,-0.6153714137342803
5,-0.36084913745290237
5,-0.6108281213863762
5,0.1678248983526629
5,-0.5268367749491034
5,7.935803905087575
5,-0.6086880517119511
5,-0.23234228067067875
5,-1.5437280331134247
5,-8.31467521342357
5,10.3920700074123
5,-0.7840871203132593
5,-7.3261005263372
5,-2.2035435877304224
5,-1.464871263598937
5,-6.338052256814109
5,-1.084076382717626
5,-2.300372508126145
5,-5.844788412140062
5,17.080652682164384
5,11.278743066700457
5,-1.4224103009801894
5,-0.3754486763424154
5,-3.399041120963858
5,18.162671138576954
5,-2.2161694934219014
5,-12.87869895120366
5,-0.5481925352074626
5,-3.0955766714273096
5,-1.3975297001007903
5,-3.7081855922679665
5,-2.8614800200468977
5,-17.39728929300327
5,-1.2571885599699613
5,-2.2068349329318693
5,-2.080241297077123
5,-0.24094211960198209
5,-6.891088795093879
5,-1.3573231041848288
5,-0.65784092026189
5,-1.558118085216364
5,-0.16950343521791922
5,13.886284681077512
5,-1.4454142399626164
5,8.44696341785864
5,-1.5096562250593024
5,-3.2585841796573334
5,-2.962664702434992
5,-1.1338794066214177
5,11.023073116912514
5,-0.3872713959535048
5,-0.7604030802589961
5,-10.841091822959385
5,-7.053227964076839
5,-7.876642883983919
5,-0.17614153369650865
5,-1.7375782685657555
5,8.2409217408932
5,-0.4484466961036304
5,-1.3770834559949066
5,-1.4229884944879672
5,-1.2225621500514734
5,-3.215922892016451
5,-2.471083177448733
5,-0.7708864033478022
5,7.379039060925749
5,18.164308322959528
5,-0.689724128955433
5,0.2595208713978536
5,-0.24618829460438008
5,-3.3193027789653087
5,9.174777833430326
5,11.930566631200449
5,-0.4669421851060207
5,-1.6810675879557664
5,-2.874136731405059
5,-11.969203892861017
5,-3.2186605624714844
5,0.4176156319036579
5,8.714868657213259
5,-0.9970349900950737
5,5.7950400928202015
5,-1.3908959972845025
5,-1.2313298836532027
5,-11.154871346751548
5,-0.9634322992879447
5,-13.1112032392588
5,-0.3896868605736472
5,0.07671977703455468
5,-2.196859952761187
5,-0.686304140019601
5,-0.4540500055627774
5,-2.8171328550600947
5,-1.663304740839152
5,2.1259149538032815
5,10.214434425020528
5,5.847939821523504
5,0.469138910770468
5,-2.601604841606857
5,15.207502006320624
5,-0.07374415964014247
5,-1.4371618540418183
5,-3.444666700849581
5,-0.5556749141345989
5,-0.023476664238032185
5,-7.24397024724999
5,-1.7100091028455466
5,-0.15142354535888103
5,-0.4941843173153586
5,-1.2287465149162102
5,-8.030393626457396
5,-1.3875808692980343
5,-0.9057868638852966
5,15.921286110119837
5,22.592879963468462
5,15.948875420512493
5,-0.9460914949779919
5,4.65356285761537
5,-0.4987176194452161
5,13.038152591757552
5,-15.661403847657297
5,11.788881317743886
5,-14.980003220141612
5,-0.7910299127407683
5,0.10392065498704994
5,-0.8747782069646917
5,0.6200143747197444
5,-1.2970351011816916
5,7.263655827587591
5,14.284218331563409
5,-1.3354966771392043
5,-2.513337582735332
5,-1.1784401050761915
5,-2.263306841768795
5,-0.15123577534635047
5,-5.730262032229817
5,14.665887141221162
5,-1.1904646364039309
5,-0.36687092930964127
5,-2.7504103399467112
5,-1.0346244430793803
5,0.7431503700236135
5,-3.018946022362641
5,-1.9966662261402064
5,13.056180463571607
5,-3.6124855024930866
5,-0.3773720476825275
5,13.612831138992362
5,0.08758075265170362
5,-1.3491186113954114
5,-1.2690420398922555
5,-0.05385034116521581
5,5.0146174215872605
5,-2.4863594178034845
5,-2.3076688635583196
5,-2.0616914875944587
5,9.470208273381687
5,4.784609661949581
5,0.44430150138586555
5,-0.75493429806005
5,-0.5857999739014872
5,11.412282174248062
5,-7.754991251684075
5,-2.2858405147759413
5,-0.5785701807068335
5,16.203227522773304
5,-1.8442269443679606
5,-1.151508358638992
5,-11.20646638122453
5,-0.3051104276631236
5,-7.792250121728358
5,-7.266088658892215
5,-0.8452843624606032
5,-1.690402740969148
5,-0.1340053400181631
5,-0.1337651903889423
5,-0.31108915304339746
5,-0.34893778810854315
5,-13.881235884799466
5,5.093651138919228
5,11.950740275259022
5,-0.8630629414636672
5,-1.4887647368306034
5,14.123827740418506
5,12.225289852914507
5,-1.8649915183055725
5,-11.37092042483144
5,-0.34125633071789707
5,13.163366331413386
5,0.08470904247616318
5,-2.9824254752787596
5,-0.5718891854849488
5,-1.5227541206488127
5,17.67686890670781
5,-0.4459850284526681
5,0.618402293714496
5,-1.2455698998312101
5,-3.7949549802729052
5,12.05201851944176
5,-3.4595692352331184
5,-3.0642381049707836
5,-10.710610777350567
5,-1.014639840235617
5,8.245277068415696
5,0.02941833017416684
5,6.578965317256532
5,-0.0659767511148317
5,-14.096610471616586
5,20.08699503261994
5,-2.3446022666683035
5,-29.22959816470089
5,-3.842567066199095
5,-0.7279391465369116
5,-4.337550742494955
5,8.804431231254654
5,14.693701809126537
5,-9.161689695061071
5,-7.741938992420799
5,-4.326298554414194
5,-1.475102416857709
5,-1.5550364719820493
5,-2.165210829384989
5,-1.7022220806789221
5,-1.4577580036069975
5,9.13138885060441
5,-6.6035589375944
5,-2.9438782012944245
5,-10.646457408164267
5,-0.9627676399131246
5,-2.1375708037397487
5,2.079437246614475
5,-4.591207682339288
5,12.749139910270827
5,-1.376435025778818
5,-0.6737142239354483
5,12.207167462835983
5,16.095682896749707
5,-0.43581001313475554
5,-2.4198817461964808
5,0.2504307450363541
5,-0.6123717201686247
5,24.559850078547598
5,-12.270842643352225
5,-1.9635490698758673
5,-17.934266027553463
5,-0.31901942744015344
5,-2.2427077564026945
5,-4.4376584227262015
5,17.48342514845281
5,0.8151530756908301
5,11.341873042568864
5,-10.011436927653264
5,17.666582971988845
5,-0.8748650769989013
5,-4.4372700366675275
5,-3.387063175522755
5,8.96897114714119
5,0.9774867474802136
5,0.5549591898713686
5,-2.242041133983662
5,-0.6446747180785337
5,19.137538285094678
5,-4.861232130346551
5,-0.6411718353835028
5,-12.205280547887114
5,-3.3875169708630324
5,11.242880420114048
5,-5.011942103266492
5,-0.2728165093017907
5,21.92350006075293
5,0.07288784208833476
5,-5.7839634501173975
5,-14.781323485361412
5,-2.696480043256102
5,-8.181297122884914
5,-1.5995270504568992
5,-0.24230985779620084
5,-0.3412460780007649
5,11.827173281469811
5,-1.9132603870551605
5,13.51024066727254
5,-0.9585319697897461
5,-2.0616561768172232
5,0.11569326047732886
5,-7.912469922979085
5,-5.044275957824624
5,0.26675599878149114
5,-0.06719500743122353
5,-13.314240255401387
5,-0.48927724196586553
5,-2.2690949074792996
5,-6.256135676944325
5,20.43605956630826
5,12.404293066563639
5,2.220148230757829
5,-0.4018743290537685
5,14.774671652738874
5,-9.286044467677016
5,-0.6104843119993006
5,16.71373050407547
5,-0.43963164250914133
5,-0.9647964351867699
5,8.848362897533761
5,-9.141469435259395
5,0.8565555227381054
5,-4.233257926490282
5,-2.3433683933048712
5,-12.526929385316649
5,-2.4874635850744937
5,-1.0386027920841627
5,-4.59389621954962
5,-0.606943385703417
5,-3.1568393423148464
5,0.3818999555151237
5,0.5027179316058863
5,-1.4110058361168853
5,7.462876244004654
5,-0.7387958183343812
5,-6.3029603045985425
5,-0.5028018487871293
5,10.879267033798953
5,-1.3938667459910903
5,-1.1961105761891133
5,-4.940309570681478
5,0.10710880591788907
5,-3.679409447359234
5,14.317457515138088
5,-1.1702870596189996
5,-11.422714762630008
5,0.11729536681578168
5,0.28850473842277324
5,-3.0241010107226174
5,9.743578953650605
5,16.23409595494539
5,9.065494936174716
5,-3.4425809446430833
5,-0.7213665511978888
5,16.54879643579993
5,15.634199663162477
5,9.574136864357008
5,-10.224545978662235
5,-3.8281565884724387
5,-0.4559545280297783
5,18.594580625172753
5,-1.3726107090362802
5,0.7173885947559882
5,-0.5119775510181199
5,13.721159040694587
5,13.470335466161146
5,-0.37544716221133
5,-1.084626685049244
5,-0.31112300942916704
5,-0.902137672206095
5,0.1096902357597429
5,-0.11234048397840013
5,7.271890172789675
5,-1.6966993854529449
5,-3.2048754410218123
5,-5.496317200530584
5,-3.403348832648753
5,-6.866928743944882
5,-1.3912605222418364
5,-10.871019365568898
5,15.982359818137041
5,0.26235075887429105
5,-2.6910240533600813
5,15.036395983084603
5,-0.6110805083745561
5,-3.4883868513392997
5,-1.6514177122004838
5,-0.7774213629591173
5,-10.428972345513372
5,-0.19460082411468704
5,15.470029904652577
5,8.759641007153334
5,0.528702235423367
5,0.004732620821442879
5,-1.5519457412686677
5,-0.37014188694561767
5,-9.934196817985367
5,0.3087714568866886
5,24.812065611229322
5,-3.2408996462450546
5,21.90179824232989
5,-1.444976122492676
5,-0.49948672711137476
5,-3.2862245652990225
5,0.1425492130928916
5,13.904969517857367
5,-0.5634675793528316
5,-5.509346354177069
5,-1.8195546246513032
5,15.01533296673793
5,-2.2304747396157865
5,-1.2113253854894452
5,-2.1355955484975055
5,-1.9569927979779607
5,-9.692336370153058
5,-5.842658376302779
5,-0.29894346238329206
5,-2.0347413229642086
5,-0.010323480973056576
5,14.25712882575489
5,16.12969611205189
5,13.669729334844575
5,0.08835249453329652
5,-11.259472013209717
5,12.161133349175387
5,11.190915693696184
5,-1.2728429236885148
5,14.80745296274597
5,-4.742382941958752
5,-7.7359970535904665
5,-0.3255442924238423
5,10.601819196203579
5,-4.388653207158811
5,0.8381154691897876
5,-10.632684620743106
5,-1.8511474861763304
5,-5.900480481716841
5,-3.271086547781138
5,-1.3835416292153582
5,-2.3043700317651883
5,0.8807866565478832
5,-10.312610178633989
5,7.194663117949787
5,0.17349577275054173
5,-0.10604626697686115
5,-3.0175578959203477
5,0.4502228604518308
5,-2.7028484548590086
5,-0.4537674678101382
5,0.43568810262560476
5,-0.22993867670078316
5,-4.863914379971376
5,-3.1547270418693785
5,-1.5688262608219645
5,-1.2075969727424507
5,23.394240829295086
5,17.593059587377866
5,9.204173535191856
5,-5.397876811501604
5,-1.705661396536982
5,-5.461493403177485
5,-1.363407788043105
5,-4.354446911202658
5,0.11792415185914251
5,-4.977702345214155
5,-0.5019966961014575
5,6.724197145546739
5,-0.4128756323344476
5,-1.3631652907394454
5,11.17715642239159
5,-0.4696589761316403
5,19.28261662890978
5,-7.639630091270689
5,-3.6067724589280346
5,29.832090714487833
5,12.306754570025987
5,4.342964201204971
5,-1.4160374230025639
5,-0.5769809950402589
5,-0.17467457258871377
5,0.22742186835056089
5,17.961545942603507
5,0.3869901171950971
5,-2.335073559572322
5,-9.237914840913149
5,-3.4595003203164225
5,-1.625902322691985
5,-6.28828312387391
5,-7.786770142548946
5,-12.988872141784512
5,-0.2824211839899391
5,-4.277637460197909
5,-1.972573208145036
5,11.134162615684815
5,22.508469626943537
5,-0.32815454104706987
5,-2.0590835888747847
5,-2.074451416381038
5,-17.329769099004878
5,-2.5566706620427055
5,-3.613466539241429
5,-0.5571626042745237
5,-3.9264122818739082
5,-0.9263055480352165
5,-1.1524978063947344
5,-0.4417278604348951
5,15.628701935830506
5,-5.8233752268607475
5,-2.576181634748437
5,-0.5031393119473933
5,0.5936179882824746
5,-0.40638481880588984
5,0.20823248182860254
5,16.259019911051425
5,-2.6242371327397507
5,-0.7146440581762477
5,-3.055929893893321
5,0.30878786621796905
5,-1.9808692958014973
5,27.459191724689546
5,15.351605193117166
5,-0.048179681024365095
5,-0.8931395232493742
5,-0.7490942195710772
5,-5.09845991702278
5,-10.233802978481108
5,-0.8918005142634939
5,-0.5716224278874762
5,0.3141973463573038
5,-2.531541148873103
5,-0.7200195576019723
5,-10.628391145156925
5,-4.117502538176566
5,3.546604131635128
5,-0.5661828267698183
5,-0.39098442334280037
5,19.284115753581872
5,-11.139876013220189
5,-1.6164976004476017
5,-0.23584264311463699
5,-2.105854935939803
5,-3.466463003125355
5,-0.6620297531640063
5,-3.0040388035536267
5,8.339049123835593
5,-4.370320615721653
5,-2.6264381281773694
5,-0.10285181937520349
5,-4.353316449828327
5,0.3219678073834302
5,11.208226242837775
5,1.8020817324070322
5,-1.8385377256976057
5,-0.381460966779386
5,-2.073366778229257
5,6.594546138403231
5,-0.7697789320154698
5,-1.3200757735142474
5,-0.9307771108961873
5,0.592679043208193
5,-0.26838770441996473
5,0.04673724968500892
5,-2.266004902534277
5,19.318319894862313
5,-0.16499526336551185
5,-4.2963760539091
5,-1.2564989964529616
5,-0.83767550335169
5,-1.3506041017025439
5,-0.4397413891223323
5,-12.631667627054497
5,7.913798750671539
5,-0.8213793228936197
5,-0.3910506990964251
5,-0.6120629813268295
5,17.019359587200526
5,-0.3719201242977448
5,-0.14070605670248426
5,0.28892028374517054
5,-3.4365136867804864
5,25.39460913473536
5,-0.02462208100133978
5,-0.13125142561578684
5,-0.23639423590914532
5,-2.3273041817718223
5,-15.203133804638554
5,-3.4312495553076303
5,-0.8007035103699991
5,-1.5692498633158891
5,15.121904183315849
5,-1.0906945631002145
5,-0.1676373786348222
5,-4.577496644556803
5,5.503522514414826
5,12.458642717437883
5,-1.3227829030741987
5,-1.4787251191360582
5,6.826487210377863
5,-1.662109913722773
5,-6.830136438659878
5,-0.22577525006339272
5,9.89351465166476
5,0.38675336435248653
5,-1.3958011776329329
5,-1.341481429748626
5,-0.5106219023093246
5,5.200691775375098
5,-0.8947500495561371
5,-20.957532842715864
5,-7.6998424512159716
5,-0.46603319928414066
5,18.532964875718136
5,-1.5077754260824605
5,16.689144405231232
5,1.1982193559844418
5,-1.621368183022767
5,-1.5797163857874352
5,-2.103348760100147
5,-15.334069748688592
5,-2.7647222804540093
5,9.031967965441083
5,-9.239568883936727
10,-3.3228601408220584
10,-7.066008908469655
10,0.1119256632149046
10,-1.2247645971648353
10,3.3457048304722576
10,-0.6646993883795744
10,0.3087338342925676
10,0.546312901853824
10,-6.654384004233137
10,13.546844292492032
10,-0.07377976232962169
10,0.6900240560049014
10,-1.1008877244856876
10,-0.4122460305975153
10,-0.48124876180723675
10,-2.874401421681654
10,-1.840339813000682
10,-7.283414801569435
10,8.174515354747172
10,-1.5947707909765114
10,1.3037414184753828
10,-7.268131669495986
10,-20.17987562322213
10,-2.246885342436613
10,-1.52033414356697
10,-1.5932289056139695
10,-1.1462397209141102
10,-0.651639831812048
10,-2.8171289369536936
10,-2.8252975391329898
10,-1.3777171731230453
10,0.2479517287164299
10,-0.8890332538170469
10,0.6366683485389331
10,-0.4623337751083909
10,0.02996221377864572
10,-0.6194974010439012
10,-10.645259372320695
10,-0.40469786212794645
10,-2.3165962003855753
10,-6.1163273931724405
10,0.05606872717757483
10,1.2044307357577821
10,-1.105668498334694
10,-2.0400263391180147
10,15.587514007987977
10,-5.068466927223312
10,-0.3758197742931344
10,-2.262851351259826
10,-1.2118724604810893
10,-0.7633987549877901
10,-0.7776359275054574
10,-0.43865685615116945
10,-2.2510244061982974
10,-3.3353378885817193
10,28.62127995877873
10,-1.0247447929898215
10,-12.837443640262023
10,-1.2248850004051093
10,-3.7345085819785737
10,-1.0074413086582439
10,-6.026629971030928
10,11.577136659724133
10,-0.5914279053142195
10,-0.5691018628471767
10,6.61359336873921
10,-3.0619667978811975
10,10.79226079985952
10,-3.300989947442929
10,15.681617273737373
10,-1.8971174527820551
10,-5.04919773877792
10,-0.4606415929990675
10,-5.057656234807709
10,25.533778669642842
10,-3.721447728707531
10,-0.979823821507324
10,-3.112826498795499
10,0.5233164052867352
10,27.438398263218062
10,7.935951082530124
10,0.29720723035927676
10,4.344627134107661
10,-0.4461491740345025
10,-5.095000757783495
10,-1.1165930119439622
10,-0.845563718650638
10,13.769337642301977
10,-0.11219111567658047
10,1.4253643415586907
10,-0.9251339546795663
10,-3.365732078289824
10,-5.047235247860243
10,10.450278186343198
10,22.49682888736963
10,7.4646808674436045
10,-0.5633569462558228
10,-1.2999512272483287
10,-9.020577036244859
10,14.618429366733452
10,24.59428221056038
10,-0.1269000420070654
10,-2.6641659635369166
10,12.810998878126952
10,-2.6406813748341733
10,-1.907939165778572
10,-0.8656390886754224
10,8.134423699934231
10,10.075944971754396
10,-0.7045287358310333
10,-1.647266026440036
10,0.589920888210699
10,-2.8379030090011668
10,-0.17687174438187014
10,-4.630842314546939
10,-3.979824356788953
10,0.03861640592296567
10,3.625985976408039
10,-1.4590361794545004
10,-2.5209735122559493
10,-2.3309920380743847
10,-1.506746800836325
10,-2.177647145387482
10,0.6739728174949988
10,-2.55876042837356
10,-2.302282390632996
10,-2.6227230950881335
10,19.794407049151104
10,-0.05837775338467566
10,-0.590967898129577
10,4.833130927081044
10,-0.7160587947681449
10,-11.341575799154441
10,-0.6368439591633006
10,0.42573726911469123
10,-2.411393250955996
10,-1.5707760846031817
10,-0.5414182848972331
10,18.4468483852948
10,-5.462650704704316
10,-0.5460065403002261
10,-0.20394631914811612
10,-2.562539999319185
10,-0.7828776851192032
10,-0.6951717991246795
10,-0.4950852360793192
10,0.7339897566188682
10,-1.5250832311975984
10,13.104707349390864
10,-1.0087700810551468
10,-1.0259289418538913
10,15.172330120735182
10,8.862462853290928
10,12.911355886015002
10,7.52017276058109
10,-3.369602904010179
10,-11.696710311843859
10,17.64035768322664
10,20.84383440907726
10,-11.434435689050147
10,-0.22523582720994284
10,-0.2358612105834652
10,16.8596373202638
10,-1.3015772573851905
10,0.326422883441424
10,0.35926587929120046
10,-10.206733874925519
10,-0.39569547151424445
10,-0.24040386533553715
10,-0.8473737581952605
10,-0.10070752803895289
10,-0.9481529202363106
10,-3.095702803752374
10,0.9112024459369934
10,20.147841378428495
10,17.91857377969221
10,-2.0061962701288394
10,-1.3803991226926655
10,0.10206608722499766
10,-1.065795585962249
10,-3.416654483369939
10,0.210151782753627
10,0.18139730044633495
10,20.959910790443146
10,23.430853301767726
10,13.436269313428554
10,-3.803184758322658
10,-3.299905938679842
10,-1.4261137445225245
10,-2.4852796443179273
10,-0.7987086457924164
10,-1.3471379006321484
10,8.150148919762529
10,-2.689828051637363
10,-0.2946250797208734
10,25.703862241490498
10,-0.6948111205142737
10,0.08372112250521013
10,-1.2528254247162636
10,17.180927887011606
10,0.15769511675560466
10,16.830706128449663
10,-6.177064465363287
10,0.29005228193619814
10,-10.414259229165353
10,18.598225694231388
10,0.35927394950142855
10,-0.29202785947757093
10,4.423352633896826
10,17.610054856570983
10,-2.3246140451915664
10,0.16333179694046862
10,-1.6235694278681478
10,-0.9232351687657854
10,14.13052218869538
10,0.16565000545689657
10,-2.074710024083629
10,-2.1429621232924774
10,-6.550335933544531
10,12.73867762942109
10,-4.566616759452671
10,0.028452540274713556
10,-0.5060647998779757
10,-6.700567469001882
10,-7.018034335630844
10,-1.2084183290769062
10,10.347580868079135
10,-0.2765992747885804
10,-0.5727888418672222
10,8.711049621657438
10,-2.908772283351311
10,0.3200034087143706
10,8.90002030987371
10,-4.614034021449584
10,-1.3392384436692737
10,26.672460040508618
10,-0.4917155983473833
10,-2.23434526804175
10,-1.2162142089776893
10,1.1045154068474687
10,-1.475961603152598
10,0.11249570369517414
10,-2.3122828804048083
10,12.089507630015078
10,0.903322838184863
10,-7.277604711558766
10,0.16171841102520546
10,-4.820344321002267
10,-0.34372007732369525
10,-3.2944444818977985
10,0.26329842132200554
10,-5.485876716458733
10,-2.8106452664856363
10,10.115398963309396
10,-5.091661351130142
10,-3.5167041309574785
10,11.119388138904185
10,0.2772090099796003
10,16.87947829283611
10,-1.9058112064105188
10,7.68521418765549
10,0.8774245633542535
10,12.176317170041095
10,-3.07494333441754
10,19.92111067517041
10,-4.789207181199515
10,-5.682555170849511
10,0.5130958093214986
10,-2.9950839141126266
10,0.37499153693063647
10,-3.006542136463054
10,-1.3966824182291901
10,-4.7416612297959375
10,-0.5702937544394899
10,-5.585456012259584
10,13.846656916147708
10,-3.3538801224547115
10,-0.40524362382153356
10,-0.165744334422115
10,-0.6607774129963246
10,-1.4655750706515391
10,-0.10925632033995214
10,-1.0294379234027247
10,21.75146819520792
10,-5.734105651528026
10,-0.3520831818262309
10,0.266014109001361
10,-1.8770486149095262
10,-0.9755737900714934
10,-0.7890395256438154
10,15.970410203968598
10,-1.4304534761066066
10,-9.099970627062305
10,0.4182192708510115
10,-1.0495196793618362
10,-0.23532980423426864
10,13.551237765070063
10,-2.3222407486621677
10,15.39109580258841
10,-2.6920500834840766
10,0.5059617509446497
10,-4.657371441755004
10,-7.104123475373328
10,-1.3919152440784472
10,-13.37933135906816
10,12.331006095813905
10,-5.205653314716287
10,5.341198772949085
10,11.509550136547574
10,0.5458692386725517
10,-1.0857082919904855
10,-8.333884368166721
10,-2.207209719205636
10,-3.897479645729959
10,-0.855179760962443
10,-1.3183345482254083
10,-2.529202469016724
10,0.20690934976261133
10,-3.119198175343982
10,13.716955144490257
10,-0.012681348571035755
10,-0.3037318527925379
10,-2.3886066916124946
10,-7.56245751652898
10,8.362018622482253
10,-1.767560069729555
10,10.12745653843556
10,-14.772040173948227
10,-0.10440758048652299
10,17.51209191045183
10,9.444021604828208
10,15.659882066172642
10,-0.3040838447633121
10,-2.785177826567434
10,-3.7380767984175947
10,-1.0040282096872346
10,13.546657907346543
10,-0.7306734245253779
10,-0.9042897123703426
10,-9.982301618319724
10,-0.9801347779114451
10,19.02941511448799
10,-0.7365705505666398
10,-2.5146633865672783
10,-7.0420706602483705
10,-0.2226904261962943
10,-2.6369493695307256
10,-2.2745386512482924
10,0.13430184416340296
10,0.526362260816228
10,-0.4974309787753839
10,0.12607143723202796
10,15.791647120229925
10,-1.1229506694670164
10,-0.22417351855277445
10,-1.8230278998227902
10,-1.3850114351165246
10,-0.6583757540884534
10,-1.9314443538537347
10,-10.039857800155573
10,-1.0724436755033366
10,0.77290858505188
10,8.99533066951058
10,-3.16880524320419
10,0.5239286657936759
10,-15.990988294708487
10,2.804385985677925
10,7.556758438733937
10,-11.192538271527695
10,12.77189963525295
10,1.060510073793381
10,-0.13376475798422405
10,-2.614110112392524
10,-5.4725146565661476
10,-3.236095761708171
10,-1.5388878311686653
10,-1.247974557956951
10,-0.6233507090471875
10,-0.22972267552783876
10,0.24981669277470075
10,0.7454233418734901
10,-0.6782065713575491
10,10.061406141656533
10,10.096459832893174
10,10.343043813119493
10,-2.128121527036697
10,-0.45352026606856555
10,-2.0368827584192104
10,14.237602116689658
10,-2.3886487109895995
10,11.919274364602387
10,15.866608755297392
10,-2.404954236397174
10,11.225663734645067
10,1.0568522542612726
10,0.3054765224541285
10,-0.0802121554113171
10,0.6716205881296418
10,12.094884935117989
10,-0.49272523081624797
10,-10.350774201654332
10,-3.3928427261530345
10,-12.122695062856536
10,11.093463802705863
10,-0.29423764172186395
10,0.4817011948934322
10,-4.028632444224883
10,-17.274783023177385
10,-7.1934195606229
10,-0.3516412240389428
10,-0.8664337427544808
10,-1.2319689226424941
10,-1.8274305688529608
10,-2.775521917751007
10,-5.516528635466273
10,-1.6743881251297807
10,-0.76665400810964
10,-8.130475692160218
10,0.28558571563696944
10,0.6225184620565187
10,-2.143110568932613
10,-0.07863807466084438
10,-4.942772187975805
10,-1.0247872847237431
10,5.491606004523192
10,-3.3818636755241442
10,0.24027874840942332
10,0.3483541096593399
10,12.715847243741756
10,23.536659741842726
10,-12.786686957176371
10,-1.1935330417037306
10,8.245196106666612
10,20.27815735424649
10,-0.9583938608280391
10,-19.881267921539347
10,-0.7539488068378262
10,-2.172361541989204
10,-3.5417375207483275
10,0.3133322290785827
10,-0.8802199901343926
10,20.888192464478337
10,-1.5241902289180302
10,0.7127766759782759
10,-0.37571771739808923
10,-15.2674431686645
10,12.554316469624567
10,2.5441474360857654
10,-1.514010164238158
10,-3.2034030199334182
10,5.399058161969464
10,-0.4268190540550023
10,-0.37608153689890855
10,-0.026573844999859375
10,3.823680018161312
10,24.061407965787403
10,-0.5981776888578452
10,-4.014685945263324
10,-3.3548322587261623
10,-1.855643705945326
10,-1.93949308108958
10,14.446101431162518
10,9.31510977227417
10,-2.06624958503528
10,14.363971841790004
10,-1.2641641723957378
10,-1.0744577735926413
10,-0.5440550900319039
10,-2.2331208104973825
10,-0.8998362311179733
10,-3.1377424563627017
10,-0.7391988212935701
10,-1.0921667200181275
10,10.581376852707692
10,-1.2180784069866775
10,17.06002079068614
10,0.5577108868530871
10,-0.4770238373334337
10,-1.5333679247750638
10,0.7303217877593511
10,0.6982859341911194
10,-2.5276169107800825
10,23.007428086314746
10,-4.185935720002817
10,-0.18315710867651092
10,0.19983342315363473
10,12.484432764417093
10,14.3427123472634
10,2.644262722809735
10,-1.0793193013356728
10,12.55500975046077
10,17.79414410565319
10,-7.301373791430521
10,-2.2775555772532385
10,-8.980893054144545
10,-5.031989708316999
10,-5.313509094304479
10,-2.986021077710973
10,-3.5428652274139694
10,-0.18172983971872725
10,-1.448485190119996
10,16.805546604346574
10,0.017050148794240272
10,-1.2908174422917966
10,-0.9601046027896984
10,-7.495597109332749
10,-2.5471272455217644
10,13.52111457761091
10,5.185877574251677
10,7.658913525101909
10,-0.40632474538634256
10,17.086082217701303
10,-3.6255573985255722
10,1.2208515099129613
10,-2.7455774503368104
10,-1.353593004318924
10,0.17113036487241118
10,-0.33269559938725024
10,-0.29483995419244025
10,1.1013020428221694
10,-4.910671284002632
10,12.991654026111988
10,1.5442178252520193
10,-1.077976346610484
10,0.8722937929540393
10,4.334503148794781
10,-0.2434120351107083
10,-2.1148149908893004
10,-0.977056585387416
10,-2.845876243622584
10,-6.128079072500242
10,0.44214071657940224
10,8.433064605133715
10,22.512551341873248
10,-2.155203829622124
10,10.621829687762954
10,-4.244593302238016
10,-1.5579836141089913
10,-2.523060781688571
10,-1.8754017807013383
10,27.58737916418562
10,-0.3456121685020719
10,-0.4780191436836958
10,-2.1454813991326205
10,15.273439517406928
10,-0.6281521935885195
10,1.6477077929370978
10,-0.5180747318187571
10,-2.017781035727012
10,-0.37730287837050014
10,-1.626745907237293
10,-4.213202284093569
10,0.6476442849515678
10,-7.243354887125207
10,-0.7770770945383276
10,-2.525815737889957
10,0.7227555176680909
10,12.434236388923196
10,-0.9162381690119759
10,-0.9187750289428891
10,11.502238509761781
10,-1.0867443474402023
10,11.859012094571199
10,-4.633688308299554
10,0.43886895016565575
10,-1.3494524200329678
10,22.758354421579995
10,11.286356458905583
10,-2.0638989096860314
10,13.703921722995105
10,-3.0724391683192493
10,-2.625646096795947
10,27.627774334971505
10,-0.3818719330877087
10,-8.233243105334367
10,4.210265239660245
10,26.271666619754313
10,2.152709037659953
10,-0.13188641986397442
10,-8.323464832645286
10,0.17887078016832447
10,-4.234687877053631
10,-3.4109495946899244
10,-3.1180823153964354
10,-4.802309804130715
10,14.569066944967531
10,-1.618853266468136
10,-7.757493195416558
10,-2.3420043372378814
10,-7.28220136867867
10,0.22259182211656992
10,11.856719670566704
10,-2.9044775357165094
10,-4.271543603443533
10,1.4405664358194343
10,9.388496801949472
10,-1.3463786979584853
10,-0.58760922306179
10,-15.50597667131349
10,-0.17335918691964025
10,8.928310262459007
10,-1.719088422672968
10,12.840609633854939
10,0.40004685241430593
10,-0.5582638111757063
10,15.279764300176893
10,13.44147660467921
10,-4.494603948121295
10,6.4312528702420195
10,5.862579775369454
10,-1.897249999210615
10,-0.604543300451553
10,-0.35786820256575425
10,-2.8330755332529662
10,-0.4839727961609128
10,0.7080115027177527
10,1.0306692932299057
10,-5.042197302022402
10,0.4153590258464561
10,-1.4737768594517888
10,-4.531654751086748
10,-5.24182972892811
10,-1.665919947228673
10,-1.305636306614275
10,-2.606259879658211
10,-0.32583948162648824
10,0.4368525394732643
10,32.06246674570774
10,-2.205591046625102
10,-0.9447206814770652
10,10.144798799426098
10,-0.5753375799317553
10,-2.3468022639113144
10,12.384327600227351
10,-0.7141681921586098
10,-1.547020842051964
10,-0.5144381906719104
10,16.17198524452182
10,-0.31218243449119143
10,-1.8981643271268638
10,-2.788172531008911
10,0.2331782103309763
10,-0.2246197827083165
10,-0.3392546699421928
10,22.513835550981405
10,0.09063383852590334
10,-2.405730340945965
10,-8.456138741104098
10,-0.2357666780537926
10,-0.2934437902849538
10,-0.05316836021029303
10,-0.40479692384884913
10,-0.6132234815935931
10,-0.40777620453327756
10,-1.004833067731738
10,-2.8007615151042273
10,-0.6490787131272526
10,1.0508234067745406
10,-0.051722676990721084
10,23.963001522899155
10,-2.469844243146653
10,18.602487698237894
10,-0.6470880085353485
10,-1.7206297440843485
10,-0.21181270055861035
10,14.112551766215809
10,-0.3959342257750649
10,-0.39726508563255436
10,23.460139533435694
10,31.67662028390766
10,15.599719716884834
10,-5.879708361152197
10,0.18421471088613828
10,-1.818444113232644
10,9.196072507335025
10,-5.657921466752697
10,15.50172607717785
10,-9.393402209187173
10,-4.610918409198007
10,0.43537918751073335
10,-3.629623575807827
10,11.64651467721545
10,-3.143735723627742
10,-0.7822961550496501
10,17.822765520299825
10,-0.6777110966475135
10,-0.6782416306271557
10,-1.4295962136852438
10,15.317485590469872
10,-3.4708887118074045
10,-2.6152570064724756
10,-3.511261048187862
10,-8.648387999295537
10,-2.708110832840177
10,-2.8005675653987936
10,-3.07900357796791
10,-8.918006145372843
10,11.900358198737997
10,-0.5947092962671263
10,12.732187179607308
10,-1.8283442029300545
10,-1.992254152235276
10,13.838134905685507
10,10.309190808991247
10,0.22475739273878048
10,-2.499393021970235
10,-0.6711397340622653
10,20.27848946470189
10,19.50945288211325
10,-4.239526976851792
10,-0.7679978373844136
10,-4.590931149369624
10,-1.4495428085519677
10,-0.19768039252939218
10,5.244639813356471
10,-3.173261737536734
10,-3.892900392422149
10,-0.3393365705576912
10,2.2178130107007377
10,18.051088193107603
10,-1.609267320622422
10,0.7517588510931574
10,-0.5369854377784264
10,14.478995424212854
10,-1.7026022337767017
10,-1.1747421421173954
10,-1.9405663178283987
10,-3.5737951748866976
10,7.652831264386897
10,-2.4977956121281295
10,-5.986451141282785
10,-11.490646363761357
10,-3.908067940101347
10,-1.4656115607047013
10,-0.27863737029197466
10,-8.098829825369265
10,-3.115162722223431
10,-0.14994866896874726
10,-1.2549961839058028
10,-12.912594624153584
10,-0.5056659222280615
10,13.260910356893937
10,-1.3108414956749357
10,-8.446342889678675
10,-2.5670913149488257
10,-2.619479574636202
10,-0.20826697305328423
10,28.351334650158947
10,-4.123528879258316
10,-10.464993579490837
10,-6.713373421970182
10,-0.42408983566679126
10,-1.348897254706003
10,6.893277342568922
10,2.440772961799702
10,-0.008069354969265419
10,11.908356610278204
10,-2.6254796981870214
10,20.293658429707435
10,1.7508879228028178
10,-7.148204749120865
10,-3.182760715385328
10,5.43363936490141
10,0.47138960576353384
10,-2.9771763869702994
10,-9.206573892503911
10,-5.289478305878092
10,8.54301248807242
10,-6.683334760165025
10,5.275079301919099
10,-0.1685771127559974
10,-2.428215696990989
10,-2.1615244981916533
10,-0.3160753275177086
10,0.1145172716601337
10,-4.958056333622423
10,-18.278734157714226
10,-2.3697464487426174
10,1.196798864380824
10,-0.7209405821789119
10,13.028774442717605
10,9.450009818848223
10,1.4240962789684062
10,-1.2928754386527572
10,-1.0381003453074555
10,0.4993959352294155
10,-0.542390714337472
10,17.027074200383993
10,-5.756374286137515
10,-1.0241715199873198
10,7.657297939299951
10,-2.0067230333367974
10,-9.30163223879012
10,-0.6841905261162111
10,-1.2610289769032903
10,-3.0433512422269047
10,-0.06922424604111654
10,-0.5713654836600739
10,-1.9985674505008006
10,-7.50612223666289
10,-3.1115436889363792
10,0.49785303923587776
10,-4.002599763362753
10,8.383130060245122
10,11.771281856468669
10,-7.920117563212244
10,-15.136015123086523
10,-0.6923201777957075
10,-2.385211512770951
10,25.581412946525774
10,-8.753905872207525
10,16.7706276745825
10,-0.701635597352464
10,-10.736864063431753
10,18.823613996704054
10,0.6758777319289209
10,18.84646958669694
10,-3.3674667864527095
10,-1.3497822791448897
10,-2.124301514608277
10,-1.0892773335633734
10,18.394192883990016
10,-2.0603295924826455
10,3.729678543570145
10,17.36458009517166
10,-1.3400101573873684
10,-1.7432334833926717
10,1.9870558177158273
10,-0.6072519643864496
10,3.4461852970719207
10,-0.7494315094032089
10,-2.302577957628529
10,-1.6424733471491066
10,12.216030959820046
10,-0.4076944528128479
10,0.15057022926103514
10,-2.330633061686001
10,17.91362972136814
10,-4.462075437278401
10,-0.2199507766783455
10,-0.2723783442755092
10,17.159449438540932
10,-10.982032159969933
10,-2.5798795098446874
10,17.725394418405685
10,-0.22517737364720602
10,-2.1867983620368676
10,-1.3460185879167028
10,-3.7564709517060635
10,-0.5355947310530382
10,-0.9495620028114757
10,-0.2512006292253943
10,-6.5692158353259344
10,-3.7153215671591653
10,-1.7800059956618526
10,14.868856133572649
10,-2.204430621837446
10,19.87889384936362
10,-2.219492241006648
10,-4.800180538929936
10,-0.07703137162877738
10,4.175621246095595
10,-3.533287465028039
10,-1.1301168372700943
10,-2.528066371888812
10,-5.027653797681651
10,-5.943471524945551
10,-0.49956163745414983
10,15.29196486285241
10,-1.267253245576967
10,-0.5438507276606543
10,-1.1909066008261533
10,-5.2197272624890445
10,-0.9820189264758312
10,19.426948691700836
10,7.960814622971867
10,-4.424874327593713
10,0.9503141569516629
10,9.884425398184469
10,7.2328792939470645
10,7.5584755494022176
10,7.0258846800352615
10,-2.095327265066061
10,-5.245237161642535
10,-1.4143257180413968
10,-20.49317389801412
10,-17.912698949379887
10,14.168861969439632
10,-12.80353828026064
10,-10.857502416474802
10,-0.6809798607884971
10,4.551946025818978
10,10.41267064777437
10,-1.6681746909701474
10,-1.9957485265307469
10,-1.2617478346986104
10,-12.296841969228879
10,-5.301140568130336
10,-0.10880375378658869
10,-1.0779706215103033
10,-0.4111593782682661
10,-8.019814700717632
10,-8.803642573083025
10,-2.8819230476958637
10,-2.0925341905942076
10,-0.05053280601318022
10,-2.493451930476766
10,1.559917055050576
10,27.906066573342315
10,-1.1358320036157608
10,-0.8096681233991347
10,-0.40751740358236077
10,-4.136698036302249
10,-5.248570525434857
10,21.230930004300888
10,7.8624141635611124
10,-12.050783440179103
10,18.462755277549036
10,-0.17871526311569141
10,-2.3632679084906414
10,-1.2401793917163815
10,-1.1593729467418399
10,-2.3074284084081285
10,-1.314769654989604
10,-6.3362331288924025
10,-2.0622508308082956
10,-0.7813785646101934
10,-6.39332240365313
10,-0.24516658033289218
10,-1.046694387409005
10,-2.143775468695395
10,0.04575510056605481
10,-2.3375723429573725
10,-1.0771904094615081
10,-3.182790177401756
10,2.987311312024403
10,-1.6102804911997737
10,13.08636507032189
10,0.3726030761984589
10,15.69735343263234
10,-0.20597096456764064
10,-1.9326449508347991
10,8.59722790465554
10,-1.2950727500760308
10,-9.197464875525696
10,-4.886807645626661
10,-0.6342945193588321
10,-0.79208878996279
10,-0.8425089718302559
10,-2.1668482503010438
10,-3.2489086091648716
10,-1.589384715070949
10,-1.3573970400342006
10,-6.139601109501939
10,-0.1512886626328367
10,18.926252604607726
10,-1.2908057012916458
10,-13.87736260190917
10,-1.0796333265948874
10,-3.3717965090977913
10,-2.3631668678295767
10,22.54052267441331
10,-1.3113995892512378
10,8.307501189466947
10,1.2419635965191844
10,-3.864582189484949
10,-0.19787840511240518
10,-1.3215263768062897
10,-15.104821884742904
10,-1.9408005541935722
10,10.773879527190381
10,-0.4972348516621423
10,-3.065539687501129
10,0.1904768940342052
10,-3.10199104688067
10,-3.9740524257355645
10,-1.1034406353400925
10,9.168134574402671
10,0.16406200212713884
10,-14.039433226739149
10,-0.6941289447235022
10,-1.3739145432812023
10,-0.09281272133567597
10,19.542464670881188
10,16.151876503063505
10,2.066021319006609
10,9.150437723023714
10,-12.083981726908291
10,-2.550856873540269
10,6.998612654885875
10,-1.2674312846135507
10,-0.8810199719075911
10,-2.742425016550442
10,-2.9671243801437726
10,-0.5628981080026563
10,-1.9669861995369047
10,24.363946234609614
10,-3.3018847339553474
10,0.6855989982343687
10,-1.5953194241102153
10,14.581271288342833
10,-0.8005139065663656
10,-4.600934221911771
10,-5.638199626401843
10,0.6501755810312062
10,-2.0256683110548437
10,-1.7252209119983064
10,-2.653512915471538
10,-1.1436353785241522
10,-0.6611398097708303
10,-9.087347564761387
10,-1.4178222795103892
10,12.778687201441528
10,-3.3197547308829485
10,14.351496687384184
10,-4.873522598823897
10,-1.1454541770926738
10,-0.18265843216769895
10,-0.23574586505191064
10,0.05603144196992815
10,19.22957638628651
10,-1.9862516349160728
10,-1.1454606622006764
10,21.063603826739353
10,-3.0418215152134565
10,-3.108861370695763
10,11.197530444304476
10,-6.075558978083599
10,14.111091685126937
10,-4.083427645529099
10,-8.613261706443524
10,20.54026557125451
10,-3.649105768324219
10,19.809315708848587
10,18.718228989288235
10,-17.212228887556634
10,-9.081397778326732
10,-0.9966933115178449
10,4.45546488733099
10,3.5400460738904655
10,-0.934020942741256
10,10.546704472567761
10,14.62340952255662
10,12.79702182479933
10,13.221586234483063
10,-1.487311672032419
10,-4.529948021739543
10,-0.1073191108127105
10,-4.673036709474232
10,-4.162345385151227
10,-1.3830069469101858
10,12.779140646617208
10,-4.504535239585579
10,23.69887233523363
10,-7.835704650714177
10,-0.5103205926378251
10,12.874783578293432
10,-0.47635730385843544
10,-6.075063799706484
10,-0.7983204179046766
10,10.475022933956481
10,-0.7995563663076695
10,-0.348707294300425
10,5.676526645404934
10,9.408243147189893
10,-0.4744194547200493
10,-2.435342848308906
10,1.1875214584794378
10,15.243049769324529
10,-0.8650423952153545
10,0.032977003804120386
10,-1.2070525258286864
10,10.760122770413417
10,-1.4457882800756323
10,0.9166716655550999
10,-1.0662371267169561
10,-7.793535042733097
10,-0.9155281468147791
10,-7.730852119754701
10,-0.25442388211627076
10,0.9864232911111515
10,11.447621349536703
10,0.009715046437491992
10,-8.218299015272876
10,-1.3738309711122554
10,-9.706905820942623
10,-6.499097694597282
10,-2.9755084000572083
10,-5.347211136262004
10,3.616397311790301
10,-1.8319829864809805
10,-11.802346309270234
10,-4.1074131513558285
10,0.1003036379480875
10,0.9570540405323555
10,-0.6768684306062767
10,10.19153388943495
10,-11.338117619044269
10,0.1814479085088152
10,-0.7457086800645243
10,-1.0663479025456013
10,-4.1837139799496725
10,-0.6828839496031378
10,-1.6973387800590416
10,-4.165358739958705
10,-4.554632538604366
10,15.66819619919626
10,-0.6325005943045454
10,1.3340506557300245
10,-7.497213636809377
10,16.28180428073037
10,2.3135971618464453
10,-1.6767724090363316
10,14.747199961877339
10,-0.013247292983692205
10,0.324425340936088
10,13.609345003381765
10,0.04107674726311927
10,-3.3024208798106542
10,41.160237386846376
10,-2.852981146381069
10,8.233768027945544
10,-12.932510697612528
10,13.924852118491003
10,-4.509113713752498
10,-3.9438763784942523
10,-2.4942638919619498
10,-0.3795264932767992
10,6.087147307769122
10,-3.202388759542771
10,-1.5701462636834833
10,-2.1941003342455474
10,-2.665823412465585
10,4.491927898054321
10,10.689892401390438
10,17.15400031169574
10,10.006821473724287
10,-2.2098227566929864
10,-0.21816231402584663
10,0.3129897567722253
10,-1.2248514190692248
10,10.95004806584079
10,-0.28094354231191687
10,-9.50914371240546
10,-2.885902015486522
10,13.347834937842421
10,-10.660124208550982
10,-11.401057132605686
10,1.802876667410004
10,16.793302652034313
10,-6.896287568882315
10,-1.9914475208571645
10,0.9785779301256099
10,-1.2172046115093877
10,-1.201632517496705
10,11.842083694683879
10,-1.6976806675058782
10,-1.7409147319574316
10,-2.826591327375155
10,-0.1365180866516198
10,-3.423917249009264
10,12.255406638743025
10,-2.8370829612056383
10,-4.542424454376317
10,7.063611975203578
10,-10.746335977588558
10,0.11038357016535372
10,12.18848275602241
10,1.3105307567029598
10,7.978216751003828
10,-4.758069175617365
10,-0.934078722656146
10,-5.5859938981685815
10,15.363985779747495
10,-1.0646098282040555
10,-0.04116541393092632
10,-0.6285224005969212
10,-3.973985112625016
10,-3.039170734674798
10,-1.6788247570112134
10,-1.6845628005437874
10,13.405017621542072
10,11.003694479872479
10,0.2807729013591711
10,-2.0823702834342157
10,-1.0089529312124625
10,-1.8853781640357283
10,13.96487470960927
10,-2.061254380621733
10,31.072029349623563
10,-7.291823630995992
10,-12.838125071162537
10,-0.6041775557183797
10,-1.0848229940331038
10,4.423569689724921
10,-2.1864872682556467
10,18.227199982154517
10,-0.6828231973345424
10,6.276254641675408
10,-0.01373603316903882
10,-1.8913525309862393
10,-2.72829363645549
10,-2.0792666588766053
10,17.57361112079468
10,0.16346071349138924
10,-0.9612042086344417
10,20.234532435354083
10,-13.17314492620261
10,0.10996985426538686
10,-1.9118755464301387
10,0.7224813818721216
10,21.009708920556236
10,8.881300673621283
10,-2.8618201162769736
10,-0.5769533706001653
10,8.615216109613641
10,15.166505057956073
10,0.09721640647228469
10,0.010230345973170074
10,-0.06059442780551194
10,0.12222249166632082
10,-3.7596842873797556
10,-1.9237751197974688
10,-0.31111089018334326
10,1.1729107320567351
10,5.20901044903907
10,0.19887077608868253
10,-3.419247622795723
10,61.316798986778394
10,-1.0663176126577412
10,16.406328182785145
10,-0.6566914171580578
10,-0.6433759909796208
10,0.2837595028040454
10,0.30156764152896187
10,0.362132361621164
10,12.319040998337485
10,17.19134724248987
10,7.7335301120479585
10,18.417466314401523
10,-1.7151069201018743
10,8.068530009642998
10,-2.0185542402127226
10,-3.8660089104845383
10,-0.5431973327716122
10,-1.7597346482232439
10,19.50844529076482
10,-2.23045781193953
10,-7.421420164809092
10,0.9597812071243084
10,10.58407815005117
10,-1.8144481065082942
10,11.200674443407252
10,-2.2090987960856125
10,-1.8930531892081177
10,-2.2086697908785027
10,-1.567236133548505
10,9.628109652530668
10,-0.03265214327234389
10,-2.7497770565123574
10,-0.7557087548362631
10,0.24772518858881654
10,0.4445299916455667
10,0.027502728335562665
10,-0.3149303577165483
10,-3.255324207466998
10,-1.1935341747814618
10,1.9108579483969095
10,-5.704744567282901
10,-0.872039193031739
10,-4.544916817059374
10,-0.2425684736637379
10,-3.0695235067109934
10,-3.6967888126897748
10,-0.4123703147364779
10,-0.4079012335279373
10,-3.1220001987045265
10,-9.947602022208116
10,-6.318784657788726
10,-6.134596647412337
10,-8.527333896772944
10,-9.093915619277269
10,5.150443726260079
10,-0.636056000305274
10,-0.029381251626759308
10,-6.052619440684538
10,1.7147335927214797
10,16.370869809149042
10,7.365372103146797
10,-11.191884899094987
10,-0.21563356195312622
10,-4.255295099298721
10,0.4913023780251109
10,5.1689284876838
10,-6.012533590964679
10,13.16116535413633
10,0.20660263144810642
10,-3.3007793170531983
10,0.9194930891066662
10,12.327121091874332
10,2.4578996079353743
10,-0.8869379846415058
10,-0.6713602006644805
10,15.607058603006514
10,-1.1536367904773925
10,-2.253076748965384
10,-3.8532029887669523
10,-0.6321954891042338
10,-0.9429251754583703
10,22.388513518935596
10,6.7208505269403815
10,-0.4256567401036335
10,4.216146760028209
10,-3.683533894026766
10,11.36144843609253
10,-3.5102351553221496
10,14.129614471045379
10,7.370383680289493
10,-0.6500500147477908
10,-0.9392299183919874
10,11.283816837854687
10,-11.813179113770332
10,1.0839410945920491
10,-5.2990070747699605
10,-1.325105564662934
10,-2.5102594274488865
10,0.543366695992205
10,0.1232459931136276
10,-7.298043886162105
10,-3.9252610053221275
10,0.07845567102732787
10,-0.021353103744814916
10,5.792012813121659
10,-6.39830647453509
10,-2.0709428495892297
10,-1.438534009274548
10,-0.3782981990896275
10,10.792561912899785
10,-1.8521370474425112
10,-1.1803466961639373
10,-2.8796400329434846
10,-0.39792582073002336
10,-2.766316379118507
10,-6.233077837679346
10,-1.4255758787676314
10,-13.607900204895131
10,27.293123320549924
10,22.80933342548201
10,5.612780474640147
10,10.058673737146705
10,-5.9298555615151685
10,16.320790829327677
10,-0.13607999871163656
10,-0.7907690509672847
10,10.945451539790128
10,13.813146082567414
10,-1.3353866186635628
10,-1.584048013654069
10,-13.08850921258012
10,-3.3929747967742827
10,15.242278423169722
10,10.861917371928953
10,0.1795172618331975
10,-3.5133962122143743
10,12.796230496119222
10,-0.20300520712125092
10,-0.368265780418227
10,-0.7374616054469953
10,0.5014819907122074
10,-0.2690668684643498
10,7.260605829862598
10,-13.1544218642304
10,-7.067728002865692
10,0.28410251410443266
10,-1.3700852241842512
10,-1.8919713210438118
10,-1.959872000828483
10,14.44793174579533
10,20.8946901646285
10,3.5913245079552354
10,-0.018662386127047625
10,-5.6492645412635625
10,-0.02170869271978404
10,-2.8436382897215253
10,-2.0742209075602034
10,-2.845219804563527
10,-1.1726730972054042
10,22.533680008279234
10,-0.6489437168480379
10,-1.4704019211025638
10,0.6041827466652308
10,-1.4957696617396294
10,-4.622911165513742
10,-1.3633263486595837
10,-1.1707169092469911
10,-5.667275342306539
10,9.453976016731517
10,-3.8516238691118048
10,-0.3026468813917944
10,-2.2060878533498567
10,-1.037113825557654
10,-0.8149461020337156
10,-0.969440327295402
10,0.7318073480257539
10,3.8233538161636034
10,6.987129357544973
10,-0.8511757653151051
10,-1.0135071629776178
10,-2.557338622526288
10,-4.362168347012272
10,28.707327547265095
10,-9.508669708729897
10,-1.7285402175844098
10,-2.5827187773107454
10,-0.16546411582088183
10,20.166413892205526
10,-11.370657815161394
10,1.1918405534932361
10,-11.52171871111355
10,20.937587862629336
10,-2.0138093499232212
10,-3.7638522970114536
10,-1.632514106128383
10,-7.3461555616775485
10,-1.0052612523902837
10,-1.9611733361208508
10,-0.48255315439490687
10,11.486246596776454
10,0.08188437458868236
10,0.2331422080156642
10,-2.252547484346522
10,9.195908846998478
10,0.43120158238795625
10,-0.8917522355468606
10,-6.21533850264224
10,-0.5396318835197036
10,-1.7852406460436185
10,-2.054790526944018
10,-0.22516461702709023
10,4.2253976094234815
10,0.12061440096614717
10,0.5373928276337239
10,7.981166693894501
10,4.781799659778521
10,-5.2503201575519824
10,0.8000146723614563
10,0.6552809467095528
10,21.929295415278418
10,21.711608784512435
10,-0.459736368810411
10,-0.9877586956093722
10,-3.836537756701972
10,8.922052334317549
10,-9.155513104497189
10,-0.10385077906823881
10,-0.5852409451094331
10,5.875498559639432
10,-5.455160324780024
10,-1.7702766173850364
10,-5.742135862385112
10,0.41822894536841204
10,0.20022857313827558
10,-0.8516981587712706
10,-7.209270576302231
10,-1.4490997525511489
10,18.176597949744504
10,17.44907906852761
10,9.247125527188032
10,16.7234039938658
10,24.785192805694592
10,-1.4278469599790355
10,14.23398722415564
10,-11.178466264884278
10,-1.6163184754090594
10,23.47509663662028
10,-0.4677089902414622
10,10.597546536044746
10,-3.373734836901235
10,-2.501313680024424
10,6.332480043953943
10,-5.1155615496370785
10,-0.05994548039798531
10,-1.3843580379749767
10,16.812097322123975
10,23.792704311008038
10,-11.81505883557007
10,-1.9391797390374137
10,-1.0623345180987371
10,-0.48350706070232263
10,12.487906431491822
10,-0.10730447617974903
10,-3.8135103656278773
10,-3.238986671846547
10,-4.086925574959793
10,-1.996930605458445
10,-3.403599778556753
10,-1.1213386291853453
10,-3.6188171070861017
10,-3.3996983096930933
10,-16.652875539809443
10,-2.5780477302731697
10,-0.09216645065868079
10,12.40228078121433
10,5.663457372207773
10,-1.6488376098522366
10,-0.43545196858829627
10,-1.7746966723414772
10,-0.14575491941738505
10,-0.8885963833242698
10,-1.5017216935086424
10,1.808208576546754
10,-0.861213801733939
10,-3.407855905756392
10,-1.109356739247076
10,-0.9395278634142841
10,-5.180104524768211
10,14.299731873897084
10,8.231607970194105
10,20.93390623887089
10,16.922012082531737
10,-0.3102375299222899
10,-1.7851948789939485
10,13.83358533129401
10,12.550575062521645
10,9.833519696231704
10,-0.5314196373270335
10,9.553511217543289
10,-1.8386717074078547
10,15.999507647991443
10,-3.1336909716975327
10,-0.3453936638539403
10,-3.2232305813782887
10,-2.2153231753649862
10,0.5553844304153159
10,-2.2728922944999113
10,0.10180164645038303
10,1.5350122275565354
10,-1.3633543163079906
10,-1.9376401534644572
10,-4.0915333633696775
10,0.5632553906410465
10,-11.225528509067146
10,17.057673292203646
10,-3.2082253315930984
10,-2.5721123014597964
10,-1.250125555627875
10,17.118099348613384
10,-18.80912771133204
10,-11.265688018636041
10,16.863125868048705
10,-1.2685803950627275
10,17.479622941618203
10,1.2851737287641285
10,-1.6847855694897476
10,18.272313169292843
10,-13.510887116344179
10,21.41141165305187
10,-3.2529768380072426
10,8.010766518569838
10,0.5089222618372276
10,-1.285991219664126
10,13.939601476552184
10,-1.109760455704773
10,-1.1250074164149453
10,-2.060828537865703
10,0.26916074358061337
10,-0.20928480436010943
10,-0.5276436180792246
10,-2.751559607003003
10,-2.279207573983129
10,8.857051574037818
10,-1.4655053592663592
10,-1.123589914434973
10,0.25100811305182447
10,0.7489612768596885
10,-2.2452348683603276
10,-1.950600402897848
10,-2.3690066856648286
10,9.654407172017116
10,-2.5675878318152456
10,12.99304067361409
10,-1.232611528430084
10,-7.088225559755543
10,-4.623474452336708
10,0.5334887010973972
10,-2.847740819765434
10,-3.1523911530062207
10,-1.7638018591106999
10,9.254651722202212
10,-0.09788203174147725
10,15.579897685195476
10,-0.7575023063477744
10,-1.325968548942086
10,-1.9359364213447634
10,1.0829631210286124
10,-0.5986017141194679
10,-5.892183986583348
10,-3.4153631883012565
10,-2.577227496680976
10,-10.681942903399218
10,-0.22901323183199906
10,-2.709561413182371
10,-1.2980415274953998
10,-4.483551792745658
10,-0.010659388489983712
10,-1.648008909675525
10,-0.4488669029352508
10,1.7047718092010058
10,-1.8734468598242842
10,-1.4437553068626698
10,-2.079573559758245
10,-3.753125830583386
10,22.338515539167368
10,-0.6497720761185519
10,-15.279890633652897
10,11.69913833803205
10,-19.037015824616788
10,0.10200165939093608
10,12.689722337673444
10,-0.5463586479207692
10,-1.8769061353507794
10,-0.26054992635823737
10,-7.3611505691947485
10,-0.05938270677607704
10,-7.590213517665859
10,15.317711271203393
10,-7.42152009680072
10,-0.6449175198414565
10,12.055378079247795
10,-2.1526299370852797
10,-0.4090565723912363
10,13.994533438178522
10,0.26596216306509746
10,-0.6783301855872139
10,-7.220132810248913
10,-2.0896474271244614
10,9.240033131140692
10,-1.480603691564653
10,0.32725441511978204
10,-1.0418620216973125
10,-1.4369108920908076
10,-4.961813328021705
10,-15.075725114412066
10,12.453953517200603
10,-0.9922353227627241
10,-12.698051526290158
10,-1.7666531307047535
10,-0.09429931542229042
10,12.472190537507288
10,9.084914567888895
10,21.06366070802474
10,-12.451121938180535
10,9.585996941777523
10,7.8262519229467244
10,-12.2089419432384
10,-2.794416722061868
10,0.2852887753238491
10,-9.707101334332435
10,11.91574917647793
10,-0.3065978536177738
10,-3.274575220847737
10,0.46816494927460894
10,14.18165416342984
10,-0.9188432724401849
10,33.36220143325358
10,0.10481737613952191
10,13.92908404163412
10,-6.214745025099035
10,-1.5235184522920235
10,-0.21385474467004428
10,-0.9807605895188516
10,-1.78255161034933
10,6.014801387423454
10,-3.458373427487885
10,-1.3479071255174517
10,-0.274118443287108
10,-1.7685189951905613
10,-1.6168051410715947
10,-2.5851101628369406
10,-4.652345221443156
10,-2.0658973895563832
10,-0.5123492281171451
10,-1.6520885219789392
10,13.026288743383574
10,-1.6974523223157547
10,25.147382516494815
10,-9.063915900053033
10,-7.82043442981859
10,-2.433801170382182
10,-2.5688965507332426
10,-1.0227290292195335
10,-1.7369351312274262
10,-1.9714891224229234
10,-2.017334074415018
10,12.894137776169416
10,9.984149895742092
10,-0.054272694102408536
10,-1.2030479725009826
10,-6.872800691998748
10,-1.6125871558257927
10,-5.943469475646609
10,13.598109372188475
10,-0.07438646514803793
10,-1.7173887024934373
10,14.520486455692037
10,-2.8026719477441304
10,-1.8642706753511504
10,-3.201387862625765
10,-0.7025741453345375
10,-4.414922929939792
10,-5.649559114272009
10,-0.5684801197825209
10,5.565174589827535
10,5.902540214031504
10,-0.30753493472953153
10,-2.0945598419707636
10,-4.603319482888111
10,-1.4612212139542464
10,3.3327751005573276
10,0.4986261128253915
10,-2.7561950072441874
10,14.411505266181926
10,-12.967345018024801
10,1.9095387526464265
10,-4.099706009191237
10,-7.699747109276046
10,0.20671339522075982
10,-0.9389772527205764
10,-0.03889979790299947
10,10.560097641113217
10,-1.4845123620016665
10,-1.7808453943563336
10,-4.053181778065635
10,-3.2067694622763696
10,7.042627165570025
10,-0.9900493093410887
10,0.48481288941104594
10,-10.454313376485104
10,22.23854994229474
10,-0.7787642192987931
10,-5.3240827809785145
10,-1.0619817813392132
10,-3.4472507136658237
10,-0.5819762787611609
10,-2.2767122575598933
10,-2.557766407061962
10,8.446149786335525
10,-1.30448164076563
10,-4.897682233498173
10,-0.9346053356907618
10,-0.12808199974575984
10,-2.1707745806552197
10,-6.2649529761133635
10,0.36346031371122933
10,-1.3496104994482607
10,14.804627907003237
10,-0.7913715773956085
10,-0.26695224526919503
10,1.2470876489360592
10,-6.153253280909041
10,-1.4901792911347798
10,-2.2758468027429615
10,-0.20930436237503613
10,-5.188440819551502
10,-2.262261357831136
10,-0.3747800539315165
10,-0.4406740356187555
10,-0.20029489532632283
10,-2.2739467119399848
10,-0.3463436972631655
10,10.070797607858097
10,-1.8044370608314608
10,-2.3266302724982495
10,4.070234076574394
10,15.4106040519397
10,0.27920766651521944
10,-0.7367262637769301
10,-4.117787010179825
10,9.037702202093442
10,1.1781367479153602
10,-0.874733066560978
10,-0.8685627727193861
10,12.571566405811737
10,0.38341519063004625
10,-5.537167425956369
10,-5.748685423069205
10,-0.34039540977440197
10,-0.20822242761133225
10,-1.906377616574531
10,15.04608633631392
10,-1.715827119376769
10,-0.9827471789615743
10,-0.01729413949993841
10,18.052399158426283
10,15.374283294253644
10,-3.7168045878785705
10,-7.861839035929393
10,-1.887438982332597
10,-1.465469277522061
10,0.4170169729293889
10,-3.3232901660658882
10,26.89374230644364
10,-2.9126154333442713
10,-0.6721611617295906
10,-0.6289717580131651
10,-0.8247703837976843
10,-0.9456430640463225
10,-2.4601975873049184
10,-0.9983268699478742
10,-0.5463098454267623
10,-0.7320494447054386
10,-0.3489832520341736
10,-3.8319929348190414
10,-2.349927316484525
10,-1.0597641140889635
10,-21.5927865992536
10,-2.182396335205027
10,-1.0055318688763748
10,7.876737917991562
10,-4.137388087130461
10,-0.889976862776436
10,-2.414370842924882
10,19.92939575644875
10,0.3590829254045076
10,0.22528733667905954
10,10.322952649696163
10,-4.125362399158391
10,2.608449171231655
10,16.95318609519289
10,0.2591652648657856
10,17.57571412061155
10,-1.4260229715691253
10,-13.592827785285891
10,-0.11891644785126232
10,10.293943312426322
10,17.769585151913674
10,-9.500380016821296
10,-1.781996178444416
10,-1.4751404493310503
10,-8.938661056748401
10,11.492930427508611
10,0.478493407421098
10,1.3820713636068689
10,-4.8004805591322395
10,0.1513099002520164
10,-1.0542348320140178
10,-0.8228382396549563
10,16.106378258064495
10,-3.564430535581778
10,-9.194342340329385
10,1.8666825959171263
10,-5.118501564912279
10,0.5898447946047014
10,-4.707367253734645
10,-1.9530242706499905
10,-0.10474907912751519
10,-8.515531831787897
10,-1.6738678146230086
10,0.0005266346995256299
10,-0.8243574349842362
10,11.61397743808292
10,0.0916645893039032
10,-0.46955010056848323
10,-2.071375053785559
10,18.249175423059995
10,-2.1640589782088995
10,0.29333489073634667
10,13.455944107637883
10,-0.6813232916817924
10,-1.6597585962426251
10,6.9705725941666685
10,-9.647039477425025
10,0.7657819199393714
10,-9.32237085420391
10,1.2891756488467365
10,0.2102659608692221
10,1.0381619576540118
10,-3.3534120329088637
10,-0.6648232684408697
10,-0.6547298104645449
10,0.46777377547068966
10,-1.2991719426053834
10,-4.613593314213432
10,-1.4180793804477645
10,-3.882558240132454
10,0.03809821404585989
10,-0.691893851391427
10,0.685347681429775
10,-0.09780093703233206
10,-0.6892187560970626
10,0.25147487441307703
10,-0.5300335895515929
10,-0.9024157515742672
10,-5.22332996008511
10,17.384671790279654
10,0.8419124794232857
10,0.026723850548890482
10,-2.6208072103572135
10,-6.166878069518347
10,-1.3021136228121435
10,-0.5024525307347858
10,-0.20888445728053284
10,0.7625069027200482
10,-4.677791793380607
10,-2.1002353149163184
10,11.7691492289715
10,-1.351335919392497
10,9.084173549573052
10,-0.5602342439082122
10,0.025926307013421024
10,-10.394819270093876
10,27.41710423770266
10,-3.283898229750463
10,0.26062858593232363
10,-1.95872689665174
10,-1.5893432441050237
10,-0.9657390206574519
10,-0.8030589558537429
10,-1.5008381727091802
10,-3.992447512259716
10,9.745351552234865
10,-2.3715144086739173
10,9.158377149615376
10,10.787574480464727
10,-1.9072419213441663
10,10.919918682159746
10,0.15285961984366736
10,0.9127372857715415
10,10.364695804546166
10,-10.942978000490001
10,-3.098805188940716
10,-4.20460895109278
10,12.913589885719631
10,11.801854021470533
10,8.588651002025486
10,-0.873574580112745
10,-3.389336368492252
10,0.07345822661852708
10,-7.209441514862107
10,-4.58356968357738
10,10.914102055576208
10,-4.528244498916891
10,-0.33435698258483626
10,19.076294713780698
10,1.805316931607436
10,-2.725418039610247
10,14.2371110830165
10,-5.946437924860831
10,14.926900492865116
10,-0.3585197300084104
10,-4.022019294782837
10,-5.264887391490902
10,18.540044578873534
10,-0.09428779189293834
10,1.0094734816392759
10,0.06827675533860145
10,32.0372542601001
10,-2.2557627191932426
10,-2.9778117728579616
10,-1.3473983158791896
10,-3.7061015882137696
10,-1.711658554389416
10,14.752223613425215
10,0.4975443814737872
10,17.18091764517412
10,-1.104722385041839
10,12.547388501115279
10,-9.266851078185681
10,-1.201544829202149
10,-3.130610662531538
10,-0.8563537684715783
10,8.573231557830127
10,0.18072121492049575
10,2.5728148051580675
10,12.202304409190248
10,-2.052383149155318
10,-2.0555846652363243
10,-2.080773043990831
10,19.299951340496946
10,0.24337739935326397
10,17.621870324080007
10,17.959324937830488
10,10.10257653638412
10,-1.5394365116442401
10,-0.8567687014169394
10,-1.5613792486191045
10,0.7664134728554899
10,-0.7623718736328016
10,-0.9697736724151298
10,-0.4763898407994134
10,3.643576177870983
10,-9.281520693638967
10,-0.7996677013099287
10,-1.15329474729063
10,-2.984502625434132
10,-12.403787972509448
10,-3.3428686451278367
10,19.36224747698038
10,12.05339964241331
10,-5.749632744836632
20,-0.8567914565321217
20,-4.508813655469041
20,-2.51040058530252
20,-1.6199594421829602
20,10.705404245471357
20,-3.4553729080625715
20,0.055909198479255906
20,-1.0454140836334886
20,6.639495604133714
20,-0.5797639524880935
20,0.4271623272915406
20,1.7001842318629627
20,-0.8691359179169922
20,-2.0799512924215264
20,-0.05069026363264584
20,4.507514074793022
20,29.750194101495396
20,-0.9226067092028813
20,-4.50500497206535
20,-0.7372119248452691
20,-5.96616732563885
20,-3.0334836871523407
20,-9.124241899943513
20,-1.5984199835822466
20,13.270189952428282
20,6.893328883736231
20,0.7225858549565345
20,-0.8931038477434328
20,9.519809770290806
20,-4.073526568926795
20,0.8961772230031073
20,-0.16102324222489983
20,1.4878418855579554
20,-1.1540354726938915
20,21.848204611711964
20,21.45092268185087
20,-10.211369920148513
20,18.007746507766022
20,-1.1074633621131085
20,-3.489532193659741
20,-0.7188128184913722
20,10.57036255304692
20,2.6895960818405484
20,14.586503218448925
20,6.952149902654554
20,2.5529607321440864
20,11.871840506133836
20,-6.733967418869
20,-0.3142296720557596
20,1.6776029028092552
20,-0.5355151202578412
20,1.2691257683508042
20,10.826024641545928
20,-2.2799946071309876
20,1.187761220704104
20,-1.770335070327036
20,-1.7800997794127937
20,0.7283150677191088
20,-10.999323342550056
20,1.041783014767816
20,-1.020986123375451
20,-2.5538770782163027
20,0.5736353720656524
20,-11.513092436960832
20,-11.754564464318634
20,-0.49343521605393903
20,-3.68351311528707
20,1.0508023090863787
20,-6.070315340874345
20,-1.955439955889787
20,-10.109342585729365
20,0.6819911553153162
20,-3.531938857901025
20,14.272609701221185
20,-1.136563310552944
20,-0.8851188918542476
20,-1.4021897355099782
20,-1.5018338962686784
20,-4.562746119005865
20,1.544149820528574
20,-1.3202862146653587
20,0.6655476570896326
20,10.137224698669655
20,-0.4505745123115048
20,8.869590889535168
20,14.714852110812338
20,-2.644692572947463
20,-0.7613966694303684
20,-3.293817315235543
20,-0.5572712342592041
20,-0.6120907565855305
20,-11.418331296871571
20,-4.922122203406417
20,-2.9107967834075623
20,9.199600329880411
20,12.63586626123562
20,3.011872836530003
20,20.24817704888315
20,-1.4929514090406713
20,3.714312458118272
20,6.486339025838646
20,12.782248058184692
20,18.132658113219023
20,-1.5728758228771227
20,-0.5040145988238578
20,-6.244242388798199
20,-2.2823754239760063
20,13.462324020377146
20,-0.009123728217616645
20,-1.4748603958897633
20,-0.42289555979658644
20,-1.5649539443480478
20,-7.377284681328746
20,11.711717679193526
20,-2.6812901826940276
20,16.50185662848955
20,-0.8885541002105697
20,11.169353128053388
20,0.5185162173834499
20,26.033026320955244
20,-0.04513934079298565
20,-10.97838534737916
20,-4.862031333406144
20,12.543495107565775
20,-3.72270965514997
20,-1.1186647765443638
20,-1.3293907254951023
20,-1.2032101175276324
20,-6.1591730696488725
20,7.884062822881717
20,-5.785785375689997
20,0.10898893239100005
20,19.434384737678457
20,-1.7891026986067402
20,-1.2222725963713543
20,-3.8007554348644135
20,-5.285110078213819
20,0.5973972295095109
20,-2.0168991248730492
20,22.65557559388114
20,-0.4510644445013696
20,-4.648857069572884
20,-3.966236084494028
20,-3.5739325842825878
20,-1.4835856138898578
20,-5.103530584281415
20,-0.2046245989789952
20,-3.1312792678129853
20,2.4502848133402892
20,-3.2103124792501205
20,14.179004854852622
20,1.4095838906193308
20,-2.83830363174863
20,13.714413980920483
20,12.704641938541577
20,-3.581168465870249
20,4.081658895830586
20,-0.7406118097084118
20,-5.074328633144205
20,-0.7945467448286649
20,-12.177123936900614
20,-0.8931878995959295
20,-2.596454822547898
20,-6.5418078757553815
20,-1.9922160143785135
20,23.016443159507155
20,-0.28624341588550806
20,-9.872881003119574
20,-3.2844783240963125
20,-10.706735600270562
20,-1.7991226086947876
20,-4.547337454115365
20,-1.4563237118275651
20,-0.5596839445642132
20,-0.373368129825721
20,-1.9443375610270834
20,1.1268640344918595
20,12.309294346603807
20,-0.3817771372156784
20,-0.8599889769791389
20,-0.6529059588907558
20,-2.3477236433451765
20,-9.741418131055369
20,-4.495544100586272
20,-4.629759591402035
20,-2.0626599144846693
20,-0.2037540990983473
20,-2.564992420663174
20,-6.728496138815601
20,0.0005815959729744691
20,-7.907708965174876
20,9.078155590810326
20,-1.314784330819478
20,15.496158548216698
20,-3.994810167400331
20,-1.8090756694906673
20,13.180610988078527
20,5.5514260826703605
20,-1.106516893432726
20,-0.8464863318887126
20,-2.300308392008347
20,20.335603818514812
20,-7.244903229188154
20,-0.6573851143487843
20,-3.7151313661297394
20,-1.1748014116118952
20,-8.296090608691145
20,16.815168051225356
20,-2.45070016985936
20,12.667419510833383
20,-12.033219765287612
20,4.9912465111590905
20,-0.5106381659631722
20,16.47280340421009
20,16.06471180488147
20,18.17409670570855
20,10.070371098771112
20,-2.5892390420930553
20,0.6989972780033042
20,0.5394280276024261
20,-1.670084008650079
20,-1.8981389801863742
20,-3.667054984584169
20,29.38856839675489
20,-1.5325655184584974
20,-1.1961755765201474
20,-1.917709245050773
20,-2.412350482601795
20,-0.5342137875493762
20,0.8654171764101619
20,1.1880938850484313
20,-0.5733395423881973
20,-0.8011597818158265
20,0.05454613404263853
20,-1.7553440655667458
20,15.65347162843804
20,-1.2499322516402458
20,-0.3559041504225746
20,-0.44692921007504083
20,0.6951360450321715
20,0.6418877991689271
20,-1.433551648637689
20,-4.9412459636901644
20,-11.94002530638791
20,-5.023748298527622
20,1.3668276300250142
20,-0.5286437217764757
20,-15.555725663012922
20,-0.8108761486044216
20,14.165660947432826
20,22.18634760558912
20,0.5260973889645584
20,-3.9200237215066522
20,12.7807453978713
20,15.342193463641664
20,21.541498695512814
20,15.785891030882532
20,-3.9590854944797798
20,-2.310065522582505
20,-2.6741527302936987
20,-2.9377016172750245
20,15.652689360401254
20,-4.531857824228737
20,-7.910239034005031
20,-0.46537484183487265
20,-0.18714978342426036
20,2.358525328351476
20,-1.755982205964571
20,-3.0396810751689145
20,-2.3348483989410056
20,1.2025053924445928
20,-1.921507745726018
20,10.84563663732365
20,-11.879387164073535
20,-0.02028630788217356
20,7.346556294761214
20,-16.00690138522903
20,-1.029982053888034
20,13.849847823572759
20,12.45519644399917
20,0.13164345070194372
20,10.174684326669166
20,-2.144382095727636
20,-3.658760819114505
20,-4.717750680651207
20,-8.842520625140821
20,-5.010579137798899
20,-1.5295489200430552
20,-3.0900987920449126
20,-0.6295122270524729
20,-0.7804661357027953
20,-2.5469582675926574
20,-2.150077040525602
20,11.52678835947333
20,-0.27211058295200985
20,-8.760989761091011
20,48.224345415924574
20,12.192831821493343
20,0.23405166152221568
20,5.177480468894046
20,23.74545559543354
20,24.816306241600245
20,3.4841089814763038
20,-1.7449286176994434
20,2.4617068844251833
20,-9.612643730263827
20,-3.688279115820393
20,-2.2963289287344253
20,-1.9753728635102306
20,-0.9941917193098959
20,0.26364496296038453
20,0.13004248827124343
20,-0.15870743965376732
20,-7.1413445058937555
20,-2.2306802605144043
20,-0.37508115501552197
20,15.28827445261868
20,2.734523928791802
20,-4.735788457406358
20,-2.8221892308891796
20,1.5982887867957345
20,5.86682486014729
20,-1.5888181541424302
20,-4.320104385090346
20,-1.3931768674837315
20,-13.792870460967038
20,-7.528810358131338
20,-2.7513896303920546
20,-3.526689999555998
20,-1.594479285830019
20,-7.448432834108644
20,-4.146231094704859
20,4.265951310596627
20,-3.434253253441142
20,-4.83123469024153
20,-2.1563926031753766
20,-1.1985505020345073
20,18.04605849457775
20,-2.3066615516762283
20,-0.9318262556022887
20,-5.57988312923429
20,8.323399898801071
20,17.75471845739493
20,-3.5095913610750387
20,-11.134500990123783
20,-3.0628067972389488
20,16.078320674828547
20,-1.656474142476469
20,-0.1702732013371815
20,-0.4504422413917979
20,1.4052810126676576
20,5.205528068407517
20,-1.7777077051372174
20,-0.9598651744247775
20,-0.9057176870629178
20,1.7275974813468125
20,-1.2765522277169907
20,12.409885523722004
20,17.196629926111427
20,-12.580992402384695
20,-5.218177509013088
20,35.07910897714237
20,0.24200025248126167
20,-2.624080044737866
20,-0.8461076695223255
20,-0.06905223455115106
20,-0.49166871854501437
20,-2.7688500626676813
20,-2.5922426189204373
20,11.83999370569893
20,0.27114298993382135
20,26.69942072998856
20,-0.8530224543292348
20,-0.5141628422113769
20,-1.073647887547125
20,-0.834807537983238
20,-1.1814513189899003
20,-1.0623707896184555
20,-2.557303464806097
20,-1.3468928863041896
20,-0.4828856119664806
20,-5.8962535596561025
20,15.470389293257412
20,18.925371564220313
20,-0.6671566013946091
20,0.16832737756328697
20,-2.853682222565027
20,-0.0845332432675292
20,0.8011977642160275
20,-2.520737838749497
20,-3.4551738112755572
20,0.5759354472527889
20,21.26571135687398
20,-1.9790553334713508
20,0.9982056057771587
20,6.597032613833932
20,16.642560050870017
20,-0.5419773303119371
20,-3.0564216851298767
20,-14.317607083199576
20,0.35872002431604244
20,-0.2011098335621
20,-3.648938568766795
20,8.06566963560693
20,-0.17787258965601893
20,-21.228066146884785
20,8.167141084871467
20,-2.1833323907936233
20,-0.32678920520979204
20,-1.9336990523398185
20,-2.0862951101314735
20,11.84399818410293
20,-1.1549652608481153
20,22.855074894581904
20,6.199694102766429
20,4.879149551745456
20,1.0849507750185126
20,0.28902965077413967
20,9.855813043859172
20,2.901711305525126
20,17.16582756372884
20,-12.246620103919227
20,-0.33923047831676456
20,-1.1321779213073597
20,-3.219015851589347
20,15.046310191262279
20,0.4001660677260048
20,-2.4776211493089306
20,7.254622183713906
20,-12.621260742735757
20,1.2616876313678205
20,-12.048005803661141
20,-2.528953349426331
20,-0.7663105566962685
20,1.1096315649211874
20,-1.0242809226028555
20,1.772283160432437
20,-16.148640151536114
20,-3.625921902263258
20,10.987479161654221
20,1.3686530740187948
20,-3.604555521239419
20,15.21540432820214
20,-5.546704675977523
20,-2.846916426043279
20,15.644725165488907
20,-2.1505259383345674
20,-0.475928305769699
20,3.63123772251258
20,-1.6339127366855593
20,0.631292760083511
20,-1.5984762871857328
20,0.6493144867697112
20,-2.407615532841561
20,-7.564352442879624
20,13.359703106786156
20,-1.1242683034763843
20,1.184948179993114
20,-0.9175214561700358
20,-9.14443953870881
20,-0.9284345983670619
20,20.226434310913803
20,2.032172110292308
20,12.70062615668597
20,-2.711125719628285
20,-6.092598210453815
20,1.7449775549820288
20,1.0829055427571177
20,-3.8242136945053886
20,0.4149277225097876
20,-0.7480683903344953
20,-5.888715653306093
20,-2.1561532035753714
20,-3.8493831066331694
20,-2.935959414159143
20,-2.083147893656445
20,-2.458884483909486
20,5.600832140432175
20,0.1864113736136659
20,-0.7675122249902131
20,-11.774180614318553
20,-2.554518361207343
20,-2.317483833057892
20,-5.517453626803658
20,6.694165850506778
20,0.25245427521392116
20,3.243513883680862
20,-1.4047414141756605
20,14.141428750978783
20,-6.675358398165116
20,-1.5446291293526997
20,-1.0549264421296698
20,-5.3131026217185
20,-5.585722426382986
20,-0.4501446728616685
20,0.23457326193425843
20,-0.35148899271872835
20,-0.2997453360839586
20,0.19712522461738047
20,-1.0505366829130764
20,-6.899506408829055
20,18.449558819445613
20,-0.03374788851060373
20,-2.6440951777252337
20,-2.1698996196026172
20,0.7825150405816999
20,-1.0228905824142203
20,-0.14208077957269438
20,-14.892120440701987
20,-11.422735756951397
20,-1.5116904643653584
20,11.121411517753799
20,-0.7786043312337938
20,22.06868433209206
20,-0.03531204066533178
20,-2.7331148452095704
20,-9.49778973137488
20,-2.352314055030419
20,-8.027559709363658
20,-4.6062527832648925
20,6.12887612591264
20,-4.212462650006557
20,0.6038622929774533
20,-4.21800199808591
20,-0.8411900919783477
20,-0.8341667384330407
20,0.25414779839086066
20,-5.77519792415282
20,-3.733666977387145
20,-4.399328841843399
20,-0.5655564682675873
20,1.902409903136757
20,1.2713196520261079
20,-4.463474713350308
20,-13.660957783379388
20,19.438660550770194
20,0.7398251565017375
20,-2.7055307188640967
20,-0.9804711425484811
20,-4.421812836498759
20,0.218138370827063
20,-4.296686551308909
20,-0.23926176772602048
20,-0.46099281547932947
20,0.07719589435252772
20,-5.667239306191007
20,10.682029154768095
20,-1.2097157436051162
20,-7.2186123385141485
20,-1.1615820639554642
20,0.7828640554332083
20,-2.638647304149714
20,-1.0657099917526267
20,-2.6200268772316235
20,-0.39963360224247424
20,1.8707871299214105
20,7.001928687402611
20,-10.846864524264305
20,-5.172200040946265
20,-3.887094535625664
20,-5.355948029435524
20,17.355949419689708
20,4.299892849774473
20,7.922761237828759
20,3.0367219701021213
20,0.9485787308548339
20,10.796887602403004
20,24.446020015412785
20,-0.8597376237346879
20,-0.40323619185832626
20,0.0009965646875542689
20,-5.94945539014239
20,22.77609944084682
20,-0.09868754265434632
20,22.039772625475564
20,-4.692342031349696
20,-4.024974527746082
20,-6.504198149060997
20,-5.940205887270224
20,-3.536491811074029
20,6.14591900755201
20,-0.013172545819699621
20,-1.2408588364116468
20,-2.553635120798077
20,-8.398588483739715
20,11.710877901964636
20,0.7984627754047864
20,-1.9478022431732853
20,10.577878387155266
20,19.151678497789078
20,-5.252460042759978
20,0.16432190860157903
20,0.3711330711426015
20,-3.6051923042609246
20,-0.6124245078376589
20,21.302974526667924
20,-2.0153269507712253
20,-0.6650907976635239
20,-0.9817918657438724
20,0.4923706435587434
20,-6.372652482473228
20,-0.7303959482162412
20,6.089775047497511
20,8.305296513098824
20,-4.789620888862373
20,-1.7220107652453294
20,-7.90087237399085
20,-4.950644662330262
20,-1.205287815107809
20,11.743954408270682
20,-20.117041757376754
20,-3.537792770868748
20,-0.2697171204611948
20,-0.013063348079697334
20,0.4966760875184377
20,-3.65389907052581
20,-1.0688770079782017
20,0.016525992532450573
20,1.3330414898447742
20,-13.940132948680102
20,0.5101003028332514
20,-15.534783982498638
20,-0.539155880970867
20,-3.3264488803281154
20,-0.2794404661226366
20,-0.960469238417275
20,-0.8266258874371744
20,-2.545401832018811
20,0.25002297318454225
20,0.35685603261231336
20,9.749702773076848
20,-5.116243710558194
20,-6.848923709495523
20,-2.20888532691022
20,-2.5116234332450915
20,-3.3690016010680495
20,18.71115249068518
20,-1.5373827476982598
20,0.1278006554893949
20,-3.807401262915789
20,-2.892399200917154
20,-1.3663993034139281
20,-0.8983705615550832
20,-8.251238375692438
20,20.24162211280479
20,11.76804942737651
20,0.2583780342143882
20,-15.793677833408651
20,0.8312365877605572
20,-5.347976238886602
20,23.34750108217932
20,2.8146935357840164
20,7.926595523437385
20,0.20257642124661857
20,-3.244765682392
20,-0.35712483998639755
20,11.752151136151085
20,26.07106898572004
20,-2.851581159983283
20,-4.433520293762825
20,-8.142295251392085
20,30.002172922262936
20,-3.9860691468663703
20,-4.8656781649969645
20,0.983416851752196
20,0.22602263479515727
20,24.056437197953223
20,-2.288540226871646
20,0.6676562818346525
20,2.6931428979646057
20,-1.80313670814634
20,-0.5924895799558669
20,-3.2462994019288516
20,-3.001776794390466
20,-8.546805789777878
20,-3.5200756549288883
20,14.831338819718553
20,-8.46339615845487
20,-0.35785819130488505
20,-0.9014197974785816
20,25.663431586281362
20,-4.217733841171267
20,-6.361114716355331
20,20.87519989863833
20,22.455538106658537
20,-8.917046890319185
20,-1.092205376978427
20,-0.5456840235023321
20,-0.6166018257441408
20,-1.051123637268148
20,5.586039024056454
20,0.1577320084575149
20,1.007967265316168
20,-16.49354801109274
20,-10.39016508444935
20,0.0793634385035773
20,0.8804885768149404
20,26.238631931570495
20,13.370883821312276
20,24.85231800003645
20,15.78823194200401
20,-0.6590276919921649
20,14.823332923186157
20,-0.6105018690727348
20,2.9521405896768727
20,-5.973349098821998
20,-1.500918478076855
20,-3.1723085476276225
20,-0.177258972550689
20,1.5641458210409098
20,-0.5136794444444206
20,0.13787704734347983
20,-1.6599532925388019
20,16.16552847903516
20,-0.28688250916391667
20,-5.825108467302016
20,45.38434237061466
20,-15.346633272788324
20,-1.1130693719508287
20,0.3763830043431824
20,21.094570375253085
20,-7.371832499138563
20,31.27256738355647
20,16.496175945654244
20,-1.7510759477066387
20,0.7978482385783678
20,-13.21113941351652
20,-6.076788532860675
20,-0.03806458342451435
20,0.5452603282830353
20,-0.41698749784160327
20,0.2847129344618793
20,-11.86110453976525
20,11.059264806318438
20,-2.099894861057578
20,-0.9010574842511261
20,-0.7796445942033472
20,-9.705015172889674
20,1.0139759415683471
20,-1.7863797234535923
20,0.14334849990311227
20,0.23527647391104267
20,-11.332634243125511
20,-3.327102446680584
20,8.873874942517872
20,0.40730513812755476
20,-3.859342173715902
20,-0.08688079777094515
20,0.4235699475079002
20,-15.151113330881515
20,19.131968607749698
20,-4.2363619086470266
20,-0.711678236186728
20,-0.8630741532498973
20,0.8792083778758979
20,-2.3208431398960414
20,-7.172747147139347
20,22.405550861424615
20,-0.14306373242284565
20,19.30298954976473
20,1.1947595466216256
20,-3.167825275888262
20,-2.7907849735351533
20,-0.5259797716549457
20,12.087874775885794
20,-13.265439189520094
20,0.3815397433168357
20,-1.358757523974333
20,0.02195038274234662
20,-1.7695992414756887
20,-17.34094522892265
20,1.0996024582577775
20,23.689603178544147
20,-3.4303900854081775
20,0.22388583014476637
20,0.11078225836445199
20,-0.6664926821170809
20,-0.4450593628980357
20,-3.1927342071814593
20,-0.288751447869231
20,-6.546163435039389
20,-0.9197951270275837
20,-0.8201595144708875
20,-0.08203639069733981
20,-1.2570678657053662
20,-1.751191867527936
20,0.18430010442918388
20,11.863298281285438
20,7.379876795865357
20,-2.5683799882112055
20,17.146482932685117
20,-2.2181172509715736
20,-3.4278140015392182
20,11.52609736427894
20,0.014901048645796777
20,-1.3528366604023532
20,19.30234170576018
20,-0.5419667088955293
20,-4.241163427060883
20,25.451587553449485
20,-0.5787982767477047
20,-5.532459738385768
20,22.42364033497472
20,-0.18067662917286498
20,-5.894798641408343
20,-0.054220100478460154
20,8.546187458623194
20,8.779451265510687
20,-2.007534713646578
20,-15.019563178160325
20,-6.574755031253446
20,-3.045422951099681
20,-2.926867023009052
20,-0.3397734780924395
20,-2.8737889782444626
20,29.717598171750318
20,-0.6847705986112942
20,8.694657236738436
20,0.5748983666611025
20,13.06687365124992
20,0.3186524154228323
20,-0.23660536761144613
20,-6.359285977562493
20,-1.5498250972180898
20,-12.739192313728836
20,-9.881571182773456
20,21.91127044455851
20,-8.265188335011587
20,-1.8601658764581686
20,17.29015570855111
20,0.27944411296365956
20,-0.18899177063711647
20,0.5870077640199582
20,-1.3611528425204824
20,-8.662345355658232
20,1.6150956396934077
20,-14.02248445181084
20,-10.025335962129176
20,16.0179364641986
20,-2.095789447037731
20,-11.811245760540473
20,0.46181768788136424
20,22.69059324681045
20,15.022309197631358
20,-1.2517655376275627
20,15.444936440596294
20,-1.856254887302569
20,14.360604485428368
20,-0.5412892257867838
20,2.622994503878502
20,-0.7021496376104608
20,10.88446071560125
20,-3.4945526802679865
20,-1.0035898962192107
20,0.6648022999563921
20,-17.281898305327104
20,0.9251433110518406
20,-1.988024041783305
20,-1.2800590174790187
20,-2.3042164221424457
20,0.36092458250480774
20,-1.6552995654577671
20,-1.2298205924977879
20,-4.929408597858981
20,19.226629862444767
20,11.934964149251059
20,-0.3029480503522848
20,-2.589472854066969
20,-0.37050239787254213
20,1.3173450664086062
20,8.188375174801699
20,-9.563873904610844
20,-3.387779112894904
20,-2.6659693618680365
20,-0.7484493057307731
20,3.1399949701546177
20,-1.9765759276210417
20,10.437859656771451
20,-2.8859448590512216
20,0.5134782378706007
20,-0.1721790066352753
20,8.83587432506971
20,-1.5780005452697168
20,-1.6715986228427369
20,-1.5744030803063112
20,-2.6547127362827894
20,8.197292518356221
20,7.722830166800392
20,-3.075820415066744
20,-3.9091258448159465
20,2.3993596860358934
20,-2.7920837426534604
20,12.891647285927831
20,-13.579357409967741
20,13.457684058185933
20,20.288748577662375
20,-1.2806194274909757
20,-2.4091411906780706
20,5.7022739558724425
20,-16.641798038082584
20,-3.2374810924395803
20,-18.034408901965662
20,9.702132151884157
20,-0.12532846025479216
20,9.606163033679927
20,-5.199997788258372
20,0.7117800255099951
20,-4.136265692523722
20,-1.9104003658422357
20,1.3788736054470974
20,6.355310511143756
20,15.37003491414896
20,-2.795880790385155
20,1.3662033015600983
20,10.09911443798137
20,-4.590939766871784
20,0.35810026225682634
20,1.4744504589016998
20,0.35397135617614595
20,0.796533206089876
20,1.160132747223571
20,-4.763917953488814
20,-17.04617408930683
20,8.152652943526036
20,-1.6388056763520211
20,1.0749885882470949
20,14.868278961367736
20,0.3125480817430599
20,6.970745014211623
20,-1.055046778778646
20,-2.142723246510883
20,-0.9732245560452526
20,-0.8862932625622335
20,-1.5586706543780338
20,10.01472095014968
20,-2.30518390112816
20,-1.9265921255883995
20,-0.6957237196760531
20,-2.0524218433074566
20,-1.5766303245232933
20,2.41466724991335
20,-5.615391032535015
20,1.1954043323468397
20,-0.48694367858145426
20,0.22048826050351522
20,-0.20150456019953822
20,-2.069635023856222
20,0.6400582028663706
20,-0.6623255140937374
20,0.7925547842816059
20,-3.4175507871663484
20,-2.2254491334516047
20,-4.820937236133723
20,-0.9472372509333695
20,-0.5138469059308477
20,0.5039391413290559
20,0.2130026535595846
20,-2.969415824783468
20,2.2403563029486833
20,7.928874569886943
20,-3.2588112715613846
20,-7.468923118917772
20,-0.3608152855784965
20,18.423793062548228
20,17.81628096570431
20,3.5222890321118
20,-0.591691147339958
20,-4.586787733336081
20,-0.8848560630703588
20,-0.32175224822341875
20,1.1635950375546003
20,-14.45810474942165
20,10.865403708268545
20,-9.496169826977336
20,-5.950609603861281
20,-3.024224798910282
20,0.7148752480705269
20,-8.387455535259036
20,11.654901108753123
20,0.3308332816878732
20,-6.781946313388488
20,-6.777423932295164
20,-2.9210240591417573
20,-1.0426031608960642
20,10.244737402021528
20,21.143458063070753
20,-0.002113125140226657
20,27.87779717783581
20,-6.937984155671813
20,-1.516779772955175
20,-0.5351488648652349
20,-16.52364237590332
20,-1.3739445442148366
20,0.36276358272289144
20,-1.8042033441751357
20,-0.09691627374483858
20,0.12872847481020244
20,-5.339391579385108
20,-1.5391525007437252
20,-0.5773938530010412
20,-13.739146008855172
20,3.100949286862914
20,-2.435451196605456
20,-0.08980556365969505
20,-0.7003307852822616
20,-0.9988921357639242
20,26.867650315673814
20,13.066192958048575
20,-0.014567697232635624
20,10.563992816041463
20,-0.4437713300473263
20,2.2194203633269183
20,-1.0309034537863369
20,-4.692185282852066
20,-13.702498216693158
20,0.2054548898517936
20,0.20638120896573753
20,22.091111197594273
20,-3.3755724184196225
20,2.040914667657205
20,-1.221234854528305
20,-1.1921812134776815
20,-1.7001229918297156
20,-0.878252856872848
20,-2.4838361707048477
20,0.4819494746232209
20,24.014188771165948
20,-6.189860885692497
20,-0.4366937539463578
20,18.663921647814632
20,-7.0122761730632135
20,-8.494955875147909
20,-0.9219030615335697
20,-4.902064617818283
20,-3.8482867135050753
20,1.6759603745285858
20,0.0494518738716323
20,0.1036684978379725
20,-3.4384414335780917
20,-6.275944005466698
20,-11.076250840299835
20,-2.5995990661758697
20,9.508830036546442
20,-0.20416952916026787
20,-2.047443014989611
20,-0.6269334023179027
20,-1.2430339246947568
20,-0.8547329912294686
20,8.200510081878122
20,-3.2118660224910656
20,-16.309923085317365
20,15.438462980432348
20,0.9232124807428619
20,0.7895848382826642
20,-0.8903922176414056
20,-1.341501413376207
20,-4.651863092295557
20,15.56093895870535
20,0.8523037700032461
20,14.212240354721345
20,24.36650831207193
20,-0.026951124904101675
20,-8.771353697358094
20,-0.5328924815585765
20,-1.2009588620562823
20,1.0988832715653842
20,-3.022249263095901
20,-2.1862017912041694
20,-0.9722551808369104
20,-1.665763439194663
20,-0.7835060851934372
20,4.57085166423925
20,-8.608836122333116
20,-3.2581680520215457
20,20.863526673391945
20,5.738595585261422
20,-5.280586596147074
20,-2.700935579507629
20,-2.3314215045305957
20,0.37188280906809723
20,-6.220672476812297
20,13.05809133430511
20,0.1613920912426039
20,14.9901575139192
20,-1.0341339277571109
20,-2.1964032022716538
20,-2.500250200964686
20,17.882893738713307
20,19.205735587130803
20,10.729639633362652
20,23.066880523286528
20,1.499752958556897
20,-0.08275452052346566
20,11.738933735857103
20,-5.334010988682536
20,1.0702689989723098
20,-0.5678027531548935
20,0.872016910928366
20,-8.38109818980871
20,7.169342100560655
20,0.7362635075308503
20,0.03861528314132556
20,-2.0262516989363633
20,7.771285733370391
20,-5.454595881091407
20,-1.5790520149046046
20,-10.57586990756458
20,-1.1552241752220738
20,-5.638285409799707
20,-4.051495329275525
20,-3.430004019641231
20,-3.1080541308326417
20,0.351389025248551
20,-1.7542603164866932
20,-1.2835316166850674
20,-0.1955191575666504
20,22.58783731581427
20,0.6241917539682333
20,-0.22296879796040514
20,-0.4454493613174293
20,-4.90441168384605
20,-1.3400802245722048
20,-0.5009961391413071
20,0.7957525202809563
20,-2.397271973035828
20,1.597060442953051
20,-1.510107364066812
20,-12.538248498680787
20,-0.03880497121392068
20,-1.2335032183336239
20,-1.543854102200811
20,12.037190271680359
20,-1.2465873791703075
20,22.49574733607561
20,14.35245309288321
20,19.29002938372132
20,-3.0766223814722764
20,7.8199068256494115
20,-3.3714215059548565
20,-3.3607407833550127
20,14.61914809980081
20,-0.37815682538104056
20,12.751835556675701
20,-2.109359175466409
20,-6.524879737104754
20,-2.0313392790684475
20,17.439253965540104
20,-0.9728305294200084
20,1.3598726011536826
20,11.323996044326535
20,-0.6661174509616359
20,9.680291636836671
20,20.652101125426086
20,0.7666176522465236
20,-1.4539594889126874
20,-4.271276565791169
20,-1.0767639229659096
20,-5.470499618234399
20,-2.4520884883574183
20,-1.0618257754561
20,-0.9376588807744355
20,-7.007752707961117
20,14.590604957153687
20,-2.940006775390003
20,-12.781806973853477
20,-2.8211928458310496
20,7.728482332072431
20,2.2296404815702004
20,-2.9571802604757096
20,-0.9115146433478429
20,14.791276727697678
20,-0.9747144351846799
20,-3.0989380523256074
20,20.322709426194564
20,-11.490510690458805
20,0.3608464913210554
20,11.375988749739122
20,0.37101132993861086
20,-4.766882924810574
20,18.530990441013472
20,17.861994161942135
20,5.13917701574195
20,-0.01641769162067419
20,-3.967352390495023
20,-0.7090910354123849
20,0.3902061890973414
20,-4.372614035558399
20,-4.835081979420991
20,-0.8709731346715728
20,-7.218341348530146
20,-3.982475476685792
20,1.6412939954921484
20,-9.774780384122181
20,-0.3974798664902721
20,-3.261544130541793
20,7.8232123088344565
20,-0.0923678038512179
20,-1.747792024994581
20,-2.1893316807237113
20,-9.472299295548254
20,-3.8732896986227843
20,1.656704165957123
20,-4.1663000396007135
20,21.772183143700033
20,-4.184493901742201
20,9.239935327492063
20,0.49383517803141785
20,-2.832011345891871
20,-5.96970062282702
20,-3.4431612018529165
20,-1.4730004745960912
20,-3.3383274939697714
20,0.6969642214324949
20,1.403874934396839
20,-3.4069665260846875
20,-0.6556181743686977
20,0.06149719260358211
20,-1.6381184698226434
20,-4.77810405837225
20,-5.540278932082018
20,12.402515163502635
20,-3.2101559323971856
20,-0.9347054708207025
20,-0.30185816055310966
20,-7.621441805661846
20,19.42969332582372
20,-2.6613098445339745
20,-2.344495163489924
20,17.493080588485114
20,-8.805409176035468
20,-0.028538852536598824
20,15.285382848907716
20,10.456365146986997
20,19.095338790825878
20,12.254185798384626
20,-2.3125149238592684
20,-10.095387590820522
20,14.558834353873209
20,-0.9471895964944537
20,-5.019681572464819
20,1.4664204123638314
20,-0.6950624258856379
20,0.016896304923335492
20,-1.1034512136926935
20,-1.5132187778822583
20,-5.1948307124651265
20,51.59871935629077
20,-1.8414840008256164
20,14.93678806288223
20,0.20994149346158508
20,0.4159760248454205
20,10.475037626700583
20,-0.6135686562509335
20,-4.352092238047533
20,1.585879181934402
20,-1.9462026946281838
20,-2.10034308384067
20,-0.3300933006331377
20,-13.422733044918274
20,-1.4942467813446427
20,-2.6218783971276594
20,-2.4104054120707303
20,-1.1349095576790518
20,-1.1279677632137606
20,8.551991856224262
20,-4.665925599248524
20,31.116591363644687
20,19.54383627776909
20,17.52026936461276
20,-5.625224518175955
20,-3.126363779490248
20,-4.092467279904753
20,-2.035597736470919
20,0.25084104972270893
20,6.120391173242652
20,0.27431505954606905
20,-2.1723198729152244
20,12.93596506314583
20,-4.47025923555789
20,-0.014824020770390689
20,18.071296860999723
20,-1.1161393138770563
20,-3.2642881509003274
20,-3.877622981513298
20,-0.440519678896095
20,0.5169980163713177
20,-2.525656815819019
20,6.197275269561985
20,-9.514773438873576
20,13.88937122793046
20,-2.4237998735854944
20,-2.4677237497683677
20,-5.696381909156557
20,-1.1136447082380698
20,-0.2970048230969127
20,-0.8273615330890749
20,-2.3302984128684585
20,-2.0442487575219985
20,0.2725491981516228
20,-0.5315669371354517
20,0.47977716469125653
20,0.12665607167640758
20,-1.1451812010821527
20,7.446038571247698
20,-0.8702426081608223
20,2.2015242459802664
20,-6.249400930931856
20,-5.449190791356102
20,-2.8009545571646726
20,0.102216058735209
20,-2.386815078991674
20,-10.852367825688276
20,-4.037236803089073
20,-0.16850171576254525
20,2.0778879292057013
20,5.011895823874539
20,0.34636276524013
20,12.501428218412073
20,0.3225862201267944
20,-7.629606790412353
20,-3.9036501147601115
20,-0.2913160100939365
20,-3.062993204611004
20,-1.4710255791460725
20,-1.165172201446964
20,-1.2331272017938488
20,0.48915637066012607
20,-0.6694794027919357
20,-0.43388883608126605
20,0.26195739188453615
20,0.1101006636505133
20,-9.223003276896492
20,-1.3807960053994464
20,-1.967030141951227
20,-2.9414934523898637
20,-0.7698316433155696
20,-5.895191317180078
20,-0.5023910687434352
20,-0.1717842106612011
20,-6.365342022152149
20,-2.042093186086987
20,-2.2308625251852163
20,1.0103134446763988
20,-4.434733543332683
20,-2.200695363007327
20,-3.897802636059353
20,2.2613151296349656
20,27.83562706301604
20,13.86756045552255
20,10.82411070882948
20,14.15677238106315
20,-2.510621896981945
20,18.107503407913647
20,-5.945865037948963
20,28.468084796049794
20,0.2841289641105931
20,14.556593369428583
20,0.09482028352472582
20,-1.8213009298504232
20,-0.5108753634616789
20,-2.2322587267773173
20,0.05477974223532556
20,-3.1612379289692285
20,0.1793129866139367
20,12.46279056424676
20,-8.116643212260612
20,-2.1034945110774004
20,16.45767461321637
20,15.478360113700731
20,-0.15478537359356892
20,4.546380860182779
20,-3.1184193296466844
20,-4.997627525925296
20,-12.183192771776618
20,-7.813811189501877
20,11.580714712788463
20,15.122003528438924
20,-5.568967162047798
20,-2.0513418267201757
20,-0.24434817023059452
20,-4.654987665102411
20,-1.6066337262863613
20,-1.3584747837171989
20,-3.821010477433063
20,-14.469822454411627
20,13.585113319229677
20,-0.6611926226282776
20,-11.410261629888566
20,14.296917472891721
20,-2.4518773109504934
20,-11.98823621388992
20,-3.1781402497109212
20,-0.8583788575082991
20,24.158254553358645
20,-1.2950631531956702
20,0.44379273998050905
20,-1.0354552981219314
20,-1.707023292122912
20,-1.700105778023584
20,-0.2539234152970238
20,2.982887726334617
20,-1.2319999485577569
20,-4.8353334807029
20,-0.25087248265643325
20,-3.4290657209168103
20,-2.088324587201967
20,0.30886732897113234
20,-2.1529965713303483
20,-5.977777136880974
20,-1.1438674722161863
20,6.373242730249402
20,2.3440738989738605
20,6.905788206425029
20,-0.1385307765875723
20,0.6425336300406315
20,-0.6008917114136523
20,-4.253889093930653
20,4.823009048951604
20,-0.44656637575367597
20,4.828067862005156
20,-0.9993170630658454
20,-1.9282962288337586
20,-1.9939317790391158
20,4.7535432864162175
20,-4.610696627987181
20,-0.9927888269945555
20,9.912275728803678
20,-2.0444581300367446
20,-0.15033645175999766
20,-0.8000420132423756
20,0.10290935139525459
20,-0.8092782340202263
20,-0.2823643957425759
20,-2.3054070913688065
20,0.11738476744339721
20,-5.672847455171194
20,26.224479757418024
20,1.0384404241524408
20,0.8982633877605224
20,-0.5264152334361256
20,5.846518339501884
20,-1.0214709895899148
20,0.30560383804638036
20,-3.389385122291003
20,0.4180038439990028
20,-2.9705317074910624
20,9.242007139353852
20,6.522481477940275
20,-1.48000983935286
20,-2.368570487273402
20,-3.3474389970558462
20,-0.8582844899161444
20,-4.587252427992723
20,-3.3249874131207093
20,1.725687701215449
20,-1.7821461769403157
20,-1.828066696712824
20,1.5703759583519599
20,-10.102057136875914
20,-0.30697847306301185
20,-5.0817516191888785
20,-2.256196734189828
20,-2.0276693939867556
20,-0.6926593368242209
20,-2.4266505571429917
20,1.181658258605708
20,14.272163908325894
20,1.0371390815561057
20,-1.2461757135935159
20,21.511607472800534
20,5.242240879268067
20,-1.5066708906721402
20,19.624037889884363
20,-0.661513949776392
20,-3.96715907855625
20,-2.4691983941451667
20,1.160781367721782
20,-0.05794358539908728
20,16.743220789611783
20,11.610984514101006
20,-0.7115499116793558
20,-4.82990579769276
20,-1.72493307979191
20,-1.8650308559300868
20,-0.9148382203624976
20,18.654850913536208
20,7.57401363831724
20,-2.1059541701769433
20,-0.6685527679113363
20,-2.195572975595681
20,8.89872657925416
20,12.205608240959293
20,-0.7175871642169653
20,-0.8811532988721495
20,-0.10553954793198272
20,-4.203399742441462
20,18.56532052031227
20,2.0671306516241827
20,-1.586008588222242
20,1.1310904181863535
20,-0.5729946985574657
20,0.0025823218939677872
20,-11.848849024670983
20,-5.254090618729563
20,-0.8868108780732911
20,9.589031719122431
20,11.340500567044089
20,4.859922683114291
20,-1.8501480546476188
20,-0.348460119158986
20,7.114264768445011
20,-2.1643612700169115
20,6.872980530460403
20,0.9369126464629147
20,10.48013123952375
20,-2.951975454524984
20,0.18718169626015424
20,-0.36969610667762254
20,0.7363995444744234
20,-8.437984465867032
20,-0.32890893091055773
20,-1.9980472894160215
20,-4.493110421434423
20,0.8157395659708868
20,-2.7247211867539534
20,15.608968336188141
20,7.665438183572277
20,-4.52598470995359
20,-7.30436479760975
20,22.752027081135495
20,-2.724033423918087
20,-3.869782894049436
20,2.8974158002100694
20,-5.624120443516233
20,1.2953396650123778
20,-0.398306715277883
20,-7.608651049735371
20,18.479378720025416
20,0.9258646632186043
20,-2.9432590551751048
20,-0.6818313195081913
20,-1.816586052964297
20,-1.2607344680280193
20,11.49803764075078
20,13.91332127508494
20,0.21273291976108055
20,-0.6196717731512678
20,8.967112282619738
20,-0.24063800112033107
20,-8.621502081775319
20,15.565831166188786
20,-1.953122275900057
20,20.028084907805535
20,9.104204892635394
20,-2.710992223323572
20,-5.475204932684008
20,1.090596867739137
20,-0.39699113233879757
20,-3.727423004314602
20,-3.833816422251104
20,-1.2015030946724323
20,0.6055579944916758
20,-1.5134528047354507
20,-3.5763607215675393
20,16.41308122600328
20,17.843960442610268
20,-1.4329206393948084
20,-1.6575232715228765
20,12.046252219074645
20,1.065981435844094
20,-4.1773605175303175
20,-3.820313422752207
20,0.5837118936081254
20,7.894058940279251
20,-2.2303482029734454
20,-0.3821648625267642
20,-4.8904360468358306
20,-1.2680709376346755
20,-0.08635130821234327
20,0.13624473849638719
20,-0.6611517157741105
20,-0.4695197252148233
20,21.859483907127768
20,-12.866879180397802
20,-1.3541757544370796
20,1.8758364192004677
20,19.236206386663888
20,-5.017471045123813
20,-2.0259323445618094
20,-0.09728593689142429
20,-0.03995420317906451
20,-10.067047484198454
20,-1.5337050043680023
20,-0.7708141197239513
20,10.626566282143628
20,-4.121764355060606
20,-1.4389437134733924
20,6.712528252400126
20,-7.246778333773122
20,10.81498242486365
20,0.8776332108240297
20,-4.220564734375046
20,-3.3077989382195767
20,-0.8546444947118914
20,-0.8613066524649611
20,-0.6229040746914336
20,-1.0889611242573523
20,-1.4260726127704118
20,-2.3813955525832853
20,-0.789190217578124
20,-0.7919476853383856
20,-3.1216731082658953
20,11.407349000817021
20,15.558780220624655
20,12.545289608330961
20,-2.7551927523351765
20,14.398288020542324
20,-4.17695616943395
20,-2.376554060524427
20,-0.8488653747289163
20,-5.401794729558915
20,1.3733438002039406
20,0.1195265627879536
20,-1.3494630677024304
20,-10.63266356712947
20,-1.2206742292584494
20,17.093294987304972
20,-1.3215825671230448
20,-0.49650593283868716
20,-8.668996944773852
20,0.13154646619932464
20,0.3959142192339584
20,-2.583210399503926
20,-1.8106216515708269
20,-1.1020537453706822
20,-15.219727268594283
20,-0.9089591997692139
20,-6.764388609594491
20,-10.226695909100101
20,-3.9518382321688676
20,-2.022447878773008
20,-10.718974242392164
20,-4.115264384841524
20,-1.8434758675383591
20,-1.2657753720329339
20,-0.9385892851189226
20,-1.3823990526021817
20,0.08961527737068309
20,7.613442052349242
20,-1.2511281653787023
20,1.6162754493179108
20,13.878948510361553
20,-0.8793939431498785
20,6.035266524926058
20,-8.18820058862228
20,-1.0195384169310557
20,-1.6053286190557543
20,-2.441792588071962
20,-1.6264923909666607
20,-4.062728016140014
20,-2.8623497021134057
20,0.29804628931348986
20,-0.28504258423949125
20,-2.9176282089585612
20,15.959189175286227
20,-0.8691568320925995
20,-1.1290354306449615
20,13.635942337474205
20,16.287426220086473
20,-2.6655078176336247
20,-1.115589515849905
20,16.62956686438534
20,-3.9676120722485138
20,-1.0520108739593041
20,0.6863346442678306
20,0.372610962663245
20,0.25473539278713986
20,-0.7713059069213273
20,18.412391277561767
20,-6.031926403843272
20,2.507035011072759
20,-4.3748006841722
20,-1.411455289697443
20,-0.24281038605577976
20,-0.9051574852230289
20,-3.1721920672977433
20,17.39673505878396
20,-0.389954879642076
20,-9.925502423601692
20,14.046635465917689
20,-3.0843465175967566
20,18.42746776249102
20,9.065454096639556
20,-0.9412239476739614
20,-0.8854042687054005
20,17.907627695895087
20,0.7662631794601111
20,-0.753280133016915
20,-2.399585427155742
20,0.6595193750604551
20,0.33093717005917256
20,8.480231228408911
20,1.2453434200687354
20,21.714790877557505
20,-4.2780301746960845
20,0.8718705818252062
20,8.967146202401324
20,-3.0404781224019644
20,-9.41567045386823
20,1.4280658989916901
20,29.78573076253398
20,17.529867696738286
20,8.19159755884759
20,-0.43846383931145283
20,0.12462523398313863
20,-2.3537224388688287
20,-1.2066401404013476
20,-1.0411508020118276
20,17.215419222154836
20,16.858991020153383
20,-1.072062595355149
20,0.07985909439076977
20,0.45879044740098607
20,-1.587224239500813
20,-1.782749539591876
20,9.15841343742359
20,-0.5721505659168571
20,-0.8204650968899614
20,-3.839162492542144
20,5.424740442387957
20,-3.919222878988606
20,-0.6410381956468569
20,-0.10863620192552048
20,-0.33070546613319607
20,-4.910660035290391
20,22.320766015858453
20,-2.2774411702978625
20,-1.7703849218851815
20,17.395626288795555
20,-0.8725733848030472
20,-4.111656525697768
20,-4.70104433530355
20,-0.025395480139636106
20,-1.6663698647960103
20,-0.5191863256643217
20,-3.210032543116199
20,-0.47586641982678657
20,-0.565926135978259
20,-5.745970056691391
20,-1.0651209830160155
20,-1.9451165918445241
20,-1.031198141748078
20,-4.094659769549764
20,-9.621225514857372
20,-0.481424524557454
20,7.021603780888455
20,-0.6102978605558178
20,-0.9340664836455232
20,11.346302058851109
20,-1.5695693515236826
20,-0.8769214384247732
20,13.05913592341222
20,1.2586819359649155
20,11.160610453864336
20,1.6615921360043586
20,-0.7297155544935237
20,-5.459589225733637
20,16.3507238986696
20,-7.896403552285435
20,13.54282967549885
20,0.49760508847930396
20,-6.8647177593435345
20,-1.8639357345605845
20,-5.76312918048977
20,-2.8202252634061864
20,2.624189817461442
20,9.278304815521984
20,15.934778294817448
20,-0.9322031003967197
20,-16.681321260386724
20,0.40329930465087216
20,-11.532698564490602
20,10.196515522339652
20,-16.702530894086763
20,0.6208281780403411
20,-8.89626869531564
20,-2.803702383399269
20,0.7980228339207684
20,-0.3376246117223758
20,4.272224887441766
20,-0.7688053227150107
20,-2.7789923741425895
20,-3.464159883735462
20,0.14928184506079845
20,2.2518562639555455
20,-0.8306418810226148
20,2.2955004225420765
20,6.376367396501507
20,-1.0555149994765998
20,-2.032581068582971
20,-6.8105792056549035
20,-3.3764016780890387
20,-0.3950967802794736
20,-11.377138780444639
20,-3.0037875803199654
20,7.69240828737388
20,0.04514887741657958
20,0.39541609721894133
20,26.3912169886487
20,-0.9872010792097115
20,0.17177228886821183
20,-0.5296591354695863
20,-4.685549454741448
20,15.362768379277597
20,15.825625467505134
20,0.7790374913176095
20,-1.5823301557691707
20,0.9223343568986451
20,-11.88326379722318
20,1.036742766022826
20,-5.337817644171523
20,-3.9834682878386047
20,-2.2626814585950115
20,-5.116269488573025
20,0.7269782026361895
20,0.07851428206674882
20,-0.3487892793007461
20,-1.689775900633606
20,-4.06090972460359
20,-2.4850016258695575
20,3.747031749875802
20,17.42886938547008
20,7.66480877275599
20,-8.275041156992785
20,4.460811357653256
20,2.3783500587363307
20,-0.9185174948649433
20,-3.1248805532582935
20,-2.2003115533418622
20,-4.929770414488104
20,-0.19829886531402963
20,0.16295537962153617
20,-3.7548811580299315
20,-1.2988641498224638
20,2.1737527941354386
20,-3.402731439206619
20,-0.8523050579465945
20,0.39507864702979134
20,6.962435445101207
20,-11.000835664734637
20,19.126031844841833
20,4.31066489739726
20,-0.935754405956132
20,10.810412304416985
20,5.671797160261875
20,2.264259815264893
20,-1.8176511623293266
20,1.0317993388564588
20,-4.695019770150537
20,-0.6994410362720913
20,-3.30944977131297
20,-2.440911435385331
20,-1.4957486475339152
20,-1.3597957585970875
20,-1.7567072176412069
20,-1.8709668603979566
20,-2.9090690471641523
20,-2.3200623939901277
20,-7.069083124298714
20,3.974023397957623
20,-0.5626384823899855
20,-0.8179770053781397
20,-0.6328018995088769
20,2.7734572415357803
20,1.6390059422135579
20,-1.1336441000388078
20,18.609288439166463
20,0.5026893212009327
20,-2.818455691666742
20,-1.6030664579708542
20,17.66257255154919
20,-0.5943159462325553
20,-3.9216538352314103
20,-1.1325931232915138
20,-5.131327027457175
20,-6.622562615644782
20,-0.2358006893159228
20,-1.0886486339866792
20,-4.120503421398524
20,17.701678932946095
20,-1.6524398409185324
20,19.489339469502738
20,1.054760289531913
20,-1.2358536818972112
20,-1.3014767120981787
20,-4.211710476966758
20,-7.587646804785805
20,-3.322241781121363
20,-2.7438488634489886
20,0.8403832695807267
20,-2.4919875577526938
20,-0.1855504729921762
20,-1.5734594678371678
20,-0.6980479230575014
20,1.6301046765262441
20,0.3229862155829579
20,19.45179315886344
20,1.4419316759041294
20,13.52846945904514
20,-1.0881466104249142
20,-2.724425910440857
20,-1.5945725903378474
20,-1.9228821098704714
20,-0.10307517525455978
20,-0.26679128074871983
20,-2.537000781360234
20,-0.4800887240870111
20,20.741637605464433
20,7.807011831216137
20,2.1354808213317824
20,-0.6316205777170012
20,-4.420279522695722
20,-1.3148973411904024
20,-0.35514464157277814
20,-4.099048810235047
20,-1.7318419218098597
20,-0.577727525114696
20,5.872481651531132
20,-2.3657869478162326
20,30.49547360142526
20,-4.195915065655527
20,-3.623124487813925
20,-2.2844878706693663
20,-7.678744488477321
20,-1.1841361565812463
20,-4.525678292814874
20,32.90275108433051
20,10.086344972744286
20,-3.2119757854196678
20,0.7157466583292944
20,-0.6252050353831748
20,-0.08206674347188425
20,19.06683644084471
20,-6.3310225910602185
20,-4.613764719102974
20,-2.3936850675090255
20,-4.155993018434913
20,-3.437668096683552
20,-1.8088911073744782
20,-1.3687559318329505
20,7.176964135797263
20,-3.8030687106146814
20,0.5438322233129611
20,1.1138218525465788
20,25.100660162981015
20,-0.40339161723552763
20,14.140709600767806
20,-1.9458165027622272
20,10.361910058268492
20,1.761024631548807
20,12.050759723862711
20,-0.7510322290534077
20,12.424335447869282
20,-1.7149207654437362
20,-0.5911919721215781
20,-0.5570833765305707
20,28.230893686949273
20,-2.1344987414531147
20,16.245298627203354
20,19.114152160782325
20,-7.22021728418531
20,-0.5445868271817744
20,-1.2653931000376701
20,-0.46059279655128194
20,-3.3721283379212252
20,-3.076186555464133
20,-10.131237339253047
20,-0.13359656981552348
20,-1.5067323821959206
20,-11.047345231541556
20,-2.684691517255345
20,-1.7259404108554293
20,-2.039008809734355
20,14.26873665217876
20,-0.71717869269402
20,0.7626485819459674
20,14.749259712987737
20,-2.1598370861470073
20,-0.4358514711397419
20,-1.3610665365967662
20,-1.5958736419918722
20,-1.178914062181022
20,5.8588128859651505
20,15.91152148574183
20,26.799304380466417
20,10.03079268749211
20,5.5928756793612
20,-2.7990056126322287
20,0.4679858326077806
20,6.263298032544071
